	Playing Time	Performance	Per 90 Minutes	
Rk	Player	Nation	Pos	Squad	Age	Born	MP	Starts	Min	90s	Gls	Ast	G+A	G-PK	PK	PKatt	CrdY	CrdR	Gls	Ast	G+A	G-PK	G+A-PK	Matches
1	Malek Al Abadalmanam	sa KSA	MF	Al-Fayha	27	1998	7	0	37	0.4	0	1	1	0	0	0	0	0	0.00	2.43	2.43	0.00	2.43	Matches
2	Saleh Al Abbas	sa KSA	FW	Al Okhdood SC	31	1993	20	6	691	7.7	1	1	2	1	0	0	2	1	0.13	0.13	0.26	0.13	0.26	Matches
3	Faris Abdi	sa KSA	DF	Neom	26	1999	33	27	2,473	27.5	0	2	2	0	0	0	7	0	0.00	0.07	0.07	0.00	0.07	Matches
4	Ali Abdoulraouf		MF	Al-Khaleej			5	1	124	1.4	0	0	0	0	0	0	0	0	0.00	0.00	0.00	0.00	0.00	Matches
5	Ahmed Abdu	sa KSA	FW	Neom	28	1996	19	2	423	4.7	1	0	1	1	0	0	1	0	0.21	0.00	0.21	0.21	0.21	Matches
6	Hayder Abdulkareem	iq IRQ	MF	Al-Nassr	20	2004	1	0	8	0.1	0	0	0	0	0	0	0	0	0.00	0.00	0.00	0.00	0.00	Matches
7	Majed Abdullah	sa KSA	FW	Al-Shabab	19	2006	9	0	115	1.3	0	0	0	0	0	0	1	0	0.00	0.00	0.00	0.00	0.00	Matches
8	Salem Abdullah	sa KSA	FW	Al-Ahli	17	2008	3	0	23	0.3	0	0	0	0	0	0	0	0	0.00	0.00	0.00	0.00	0.00	Matches
9	Mohamed Abdulrahman	sa KSA	DF,MF	Al-Ahli	22	2003	24	7	843	9.4	0	1	1	0	0	0	3	0	0.00	0.11	0.11	0.00	0.11	Matches
10	Fahad Al Abdulraziq	sa KSA	DF,MF	Al-Najma	25	2000	13	9	757	8.4	0	0	0	0	0	0	1	0	0.00	0.00	0.00	0.00	0.00	Matches
11	Faisal Al Abdulwahed	sa KSA	FW	Al-Fateh	20	2004	4	0	47	0.5	0	0	0	0	0	0	1	0	0.00	0.00	0.00	0.00	0.00	Matches
12	Abdulrahman Al-Aboud	sa KSA	MF	Al-Ittihad	30	1995	15	2	536	6.0	1	1	2	1	0	0	2	0	0.17	0.17	0.34	0.17	0.34	Matches
13	Khalil Al Absi	sa KSA	MF	Al-Riyadh SC	24	2001	23	5	665	7.4	1	0	1	1	0	0	1	0	0.14	0.00	0.14	0.14	0.14	Matches
14	Mohammed Al Absi	sa KSA	GK	Al-Ittihad	22	2002	5	3	302	3.4	0	0	0	0	0	0	1	0	0.00	0.00	0.00	0.00	0.00	Matches
15	Mohammed Abu Abd	sa KSA	DF,MF	Al Okhdood SC	23	2002	25	20	1,820	20.2	0	0	0	0	0	0	3	1	0.00	0.00	0.00	0.00	0.00	Matches
16	Abdulfattah Adam	sa KSA	FW	Al-Taawoun	30	1995	13	0	199	2.2	0	1	1	0	0	0	0	0	0.00	0.45	0.45	0.00	0.45	Matches
17	Yacine Adli	fr FRA	MF	Al-Shabab	25	2000	26	24	2,116	23.5	1	3	4	1	0	0	3	0	0.04	0.13	0.17	0.04	0.17	Matches
18	Waleed Al Ahmad	sa KSA	DF	Al-Qadsiah	26	1999	6	4	352	3.9	1	1	2	1	0	0	4	0	0.26	0.26	0.51	0.26	0.51	Matches
19	Waleed Al Ahmad	sa KSA	DF	Al-Taawoun	26	1999	15	15	1,326	14.7	4	0	4	4	0	0	5	0	0.27	0.00	0.27	0.27	0.27	Matches
20	Abdullah Al Ajian	sa KSA	FW	Al Kholood Saudi Club	20	2004	1	0	8	0.1	0	0	0	0	0	0	0	0	0.00	0.00	0.00	0.00	0.00	Matches
21	Yusuf Akçiçek	tr TUR	DF	Al-Hilal	19	2006	12	7	617	6.9	0	0	0	0	0	0	2	0	0.00	0.00	0.00	0.00	0.00	Matches
22	Mishal Al Alaeli	sa KSA	DF,MF	Al-Taawoun	21	2004	12	5	493	5.5	0	0	0	0	0	0	5	0	0.00	0.00	0.00	0.00	0.00	Matches
23	Hassan Al Ali	sa KSA	MF	Neom	23	2002	15	5	465	5.2	0	0	0	0	0	0	0	0	0.00	0.00	0.00	0.00	0.00	Matches
24	Mukhtar Ali	sa KSA	MF	Al-Ettifaq	27	1997	32	21	1,930	21.4	1	0	1	1	0	0	4	0	0.05	0.00	0.05	0.05	0.05	Matches
25	Nabil Alioui	fr FRA	MF,FW	Damac	26	1999	6	3	305	3.4	0	0	0	0	0	0	2	0	0.00	0.00	0.00	0.00	0.00	Matches
Rk	Player	Nation	Pos	Squad	Age	Born	MP	Starts	Min	90s	Gls	Ast	G+A	G-PK	PK	PKatt	CrdY	CrdR	Gls	Ast	G+A	G-PK	G+A-PK	Matches
26	Mohammed Alkhaibari	sa KSA	DF	Al-Riyadh SC	23	2002	27	25	2,103	23.4	0	0	0	0	0	0	7	1	0.00	0.00	0.00	0.00	0.00	Matches
27	Gastón Álvarez	uy URU	DF	Al-Qadsiah	25	2000	28	28	2,490	27.7	0	0	0	0	0	0	6	1	0.00	0.00	0.00	0.00	0.00	Matches
28	Turki Al Ammar	sa KSA	MF	Al-Qadsiah	25	1999	21	4	601	6.7	2	2	4	2	0	0	5	0	0.30	0.30	0.60	0.30	0.60	Matches
29	Abdulelah Al-Amri	sa KSA	DF	Al-Nassr	28	1997	25	20	1,791	19.9	2	2	4	2	0	0	3	0	0.10	0.10	0.20	0.10	0.20	Matches
30	Saleh Al-Amri	sa KSA	MF	Al-Khaleej	31	1993	24	10	1,060	11.8	3	1	4	3	0	0	1	0	0.25	0.08	0.34	0.25	0.34	Matches
31	Abdullah Al Anazi	sa KSA	MF,FW	Al-Fateh	22	2003	18	13	892	9.9	1	2	3	1	0	0	2	0	0.10	0.20	0.30	0.10	0.30	Matches
32	Ahmed Al Anazi		FW	Neom			2	0	38	0.4	0	1	1	0	0	0	0	0	0.00	2.37	2.37	0.00	2.37	Matches
33	Dhari Al Anazi	sa KSA	DF,MF	Damac	25	2000	31	26	2,334	25.9	0	3	3	0	0	0	7	1	0.00	0.12	0.12	0.00	0.12	Matches
34	Ângelo	br BRA	MF	Al-Nassr	20	2004	25	24	1,993	22.1	4	6	10	4	0	0	4	0	0.18	0.27	0.45	0.18	0.45	Matches
35	Leandro Antunes	pt POR	FW,MF	Al-Riyadh SC	28	1997	15	15	1,246	13.8	7	0	7	7	0	0	2	0	0.51	0.00	0.51	0.51	0.51	Matches
36	Sultan Al Anze		DF	Al-Shabab			3	1	134	1.5	0	0	0	0	0	0	0	0	0.00	0.00	0.00	0.00	0.00	Matches
37	Abdulrahman Al Anzi	sa KSA	DF	Al-Fayha	27	1998	7	1	97	1.1	0	0	0	0	0	0	0	0	0.00	0.00	0.00	0.00	0.00	Matches
38	Houssem Aouar	dz ALG	MF,FW	Al-Ittihad	27	1998	23	22	1,892	21.0	8	3	11	8	0	0	3	0	0.38	0.14	0.52	0.38	0.52	Matches
39	Nawaf Al Aqidi	sa KSA	GK	Al-Nassr	25	2000	11	11	959	10.7	0	1	1	0	0	0	0	1	0.00	0.09	0.09	0.00	0.09	Matches
40	Arielson	br BRA	FW	Damac	20	2004	10	7	628	7.0	1	1	2	1	0	0	1	0	0.14	0.14	0.29	0.14	0.29	Matches
41	Khaled Al Asbahi	ye YEM	MF	Al-Riyadh SC	22	2003	6	0	64	0.7	0	0	0	0	0	0	0	0	0.00	0.00	0.00	0.00	0.00	Matches
42	Ibrahim Ashi		DF,MF	Al Okhdood SC			9	4	468	5.2	0	0	0	0	0	0	2	1	0.00	0.00	0.00	0.00	0.00	Matches
43	Naif Asiri	sa KSA	DF	Al Okhdood SC	24	2001	18	14	1,249	13.9	1	0	1	1	0	0	9	2	0.07	0.00	0.07	0.07	0.07	Matches
44	Ali Al Asmari	sa KSA	MF	Neom	28	1997	14	6	628	7.0	0	0	0	0	0	0	1	0	0.00	0.00	0.00	0.00	0.00	Matches
45	Ali Al Asmari	sa KSA	MF	Al-Shabab	28	1997	13	8	745	8.3	0	1	1	0	0	0	3	0	0.00	0.12	0.12	0.00	0.12	Matches
46	Hassan Al Asmari	sa KSA	DF	Al Kholood Saudi Club	22	2002	10	3	403	4.5	0	0	0	0	0	0	2	0	0.00	0.00	0.00	0.00	0.00	Matches
47	Ahmed Assiri	sa KSA	DF	Al-Khaleej	33	1991	20	12	1,088	12.1	0	0	0	0	0	0	7	0	0.00	0.00	0.00	0.00	0.00	Matches
48	Valentin Atangana Edoa	fr FRA	MF	Al-Ahli	19	2005	23	23	1,885	20.9	5	0	5	5	0	0	7	0	0.24	0.00	0.24	0.24	0.24	Matches
49	Abdulquddus Atiah	sa KSA	GK	Al-Taawoun	28	1997	1	1	90	1.0	0	0	0	0	0	0	0	0	0.00	0.00	0.00	0.00	0.00	Matches
50	Abdulrazaq Awaji	sa KSA	FW	Al-Hazem	17	2007	2	0	9	0.1	0	0	0	0	0	0	0	0	0.00	0.00	0.00	0.00	0.00	Matches
Rk	Player	Nation	Pos	Squad	Age	Born	MP	Starts	Min	90s	Gls	Ast	G+A	G-PK	PK	PKatt	CrdY	CrdR	Gls	Ast	G+A	G-PK	G+A-PK	Matches
51	Abdulmalek Al Ayiri	sa KSA	DF,MF	Neom	21	2003	16	12	986	11.0	1	0	1	1	0	0	6	0	0.09	0.00	0.09	0.09	0.09	Matches
52	Ali Azaizeh	jo JOR	MF,FW	Al-Shabab	21	2004	15	8	628	7.0	2	1	3	2	0	0	0	0	0.29	0.14	0.43	0.29	0.43	Matches
53	Saeed Ba Atiyah		MF,DF	Al-Fateh			31	29	2,508	27.9	1	0	1	1	0	0	9	0	0.04	0.00	0.04	0.04	0.04	Matches
54	Aboubacar Bah	gn GUI	MF	Al-Hazem	19	2005	27	24	2,068	23.0	3	2	5	3	0	0	3	0	0.13	0.09	0.22	0.13	0.22	Matches
55	Hattan Bahebri	sa KSA	MF,FW	Al Kholood Saudi Club	33	1992	31	29	2,224	24.7	5	5	10	5	0	0	7	1	0.20	0.20	0.40	0.20	0.40	Matches
56	Essam Bahri	sa KSA	DF	Al-Riyadh SC	20	2005	7	0	52	0.6	0	1	1	0	0	0	0	0	0.00	1.73	1.73	0.00	1.73	Matches
57	Ahmed Bahusayn	sa KSA	MF	Al-Taawoun	24	2001	13	1	304	3.4	0	0	0	0	0	0	0	0	0.00	0.00	0.00	0.00	0.00	Matches
58	Ahmed Bamasud	sa KSA	DF	Al-Fayha	29	1995	33	33	2,782	30.9	0	1	1	0	0	0	4	0	0.00	0.03	0.03	0.00	0.03	Matches
59	Amadou Bamba		MF	Al-Hazem			5	0	42	0.5	0	0	0	0	0	0	0	0	0.00	0.00	0.00	0.00	0.00	Matches
60	Mohammed Al Baqawi	sa KSA	DF	Al-Fayha	30	1995	31	31	2,690	29.9	0	2	2	0	0	0	4	0	0.00	0.07	0.07	0.00	0.07	Matches
61	Ibrahim Barabaa		MF	Al Kholood Saudi Club			1	0	6	0.1	0	0	0	0	0	0	0	0	0.00	0.00	0.00	0.00	0.00	Matches
62	Yoann Barbet	fr FRA	DF	Al-Riyadh SC	32	1993	32	32	2,804	31.2	2	1	3	2	0	0	3	0	0.06	0.03	0.10	0.06	0.10	Matches
63	Mohammed Barnawi	sa KSA	DF	Al-Ittihad	19	2005	2	0	23	0.3	0	0	0	0	0	0	0	0	0.00	0.00	0.00	0.00	0.00	Matches
64	Musa Barrow	gm GAM	FW	Al-Taawoun	26	1998	5	5	394	4.4	3	3	6	3	0	0	0	0	0.69	0.69	1.37	0.69	1.37	Matches
65	Christian Bassogog	cm CMR	MF,FW	Al Okhdood SC	29	1995	29	27	2,229	24.8	4	6	10	2	2	2	1	0	0.16	0.24	0.40	0.08	0.32	Matches
66	Mourad Batna	ma MAR	FW,MF	Al-Fateh	35	1990	29	25	2,381	26.5	9	8	17	4	5	7	5	1	0.34	0.30	0.64	0.15	0.45	Matches
67	Osama Al Bawardi		DF,MF	Al-Riyadh SC			28	21	1,838	20.4	0	1	1	0	0	0	2	0	0.00	0.05	0.05	0.00	0.05	Matches
68	Ibrahim Bayesh	iq IRQ	MF	Al-Riyadh SC	25	2000	12	11	1,021	11.3	1	0	1	1	0	0	5	1	0.09	0.00	0.09	0.09	0.09	Matches
69	Abdelkader Bedrane	dz ALG	DF	Damac	33	1992	28	27	2,357	26.2	3	1	4	3	0	0	3	2	0.11	0.04	0.15	0.11	0.15	Matches
70	Sofiane Bendebka	dz ALG	MF,FW	Al-Fateh	32	1992	28	25	2,228	24.8	9	1	10	7	2	2	0	0	0.36	0.04	0.40	0.28	0.32	Matches
71	Saïd Benrahma	dz ALG	MF	Neom	29	1995	27	23	2,032	22.6	10	7	17	7	3	3	1	0	0.44	0.31	0.75	0.31	0.62	Matches
72	Bento	br BRA	GK	Al-Nassr	26	1999	21	21	1,890	21.0	0	0	0	0	0	0	0	0	0.00	0.00	0.00	0.00	0.00	Matches
73	Karim Benzema	fr FRA	FW	Al-Ittihad	37	1987	14	14	1,188	13.2	8	0	8	6	2	3	1	0	0.61	0.00	0.61	0.45	0.45	Matches
74	Karim Benzema	fr FRA	FW	Al-Hilal	37	1987	10	9	711	7.9	9	2	11	9	0	1	0	0	1.14	0.25	1.39	1.14	1.39	Matches
75	Yassine Benzia	dz ALG	MF	Al-Fayha	30	1994	32	32	2,724	30.3	4	5	9	4	0	0	2	0	0.13	0.17	0.30	0.13	0.30	Matches
Rk	Player	Nation	Pos	Squad	Age	Born	MP	Starts	Min	90s	Gls	Ast	G+A	G-PK	PK	PKatt	CrdY	CrdR	Gls	Ast	G+A	G-PK	G+A-PK	Matches
76	Steven Bergwijn	nl NED	MF	Al-Ittihad	27	1997	21	21	1,778	19.8	5	2	7	5	0	0	5	0	0.25	0.10	0.35	0.25	0.35	Matches
77	Adam Berry	eng ENG	MF	Al Kholood Saudi Club	19	2006	5	0	69	0.8	0	0	0	0	0	0	0	0	0.00	0.00	0.00	0.00	0.00	Matches
78	Mansor Al Beshe	sa KSA	MF,FW	Al-Fayha	25	2000	21	8	703	7.8	0	0	0	0	0	0	1	0	0.00	0.00	0.00	0.00	0.00	Matches
79	Biel	br BRA	FW,MF	Al-Taawoun	24	2001	15	11	912	10.1	1	0	1	1	0	0	0	0	0.10	0.00	0.10	0.10	0.10	Matches
80	Fahad bin Jumayah	sa KSA	DF,MF	Al-Taawoun	30	1995	1	0	28	0.3	0	0	0	0	0	0	1	0	0.00	0.00	0.00	0.00	0.00	Matches
81	Saud bin Zaydan	sa KSA	MF	Al-Riyadh SC	25	1999	3	0	56	0.6	0	0	0	0	0	0	1	0	0.00	0.00	0.00	0.00	0.00	Matches
82	Abdulaziz Al-Bishi	sa KSA	MF	Al-Ittihad	31	1994	22	1	315	3.5	1	0	1	1	0	0	1	0	0.29	0.00	0.29	0.29	0.29	Matches
83	Nasser Al Bishi	sa KSA	MF	Al-Riyadh SC	23	2002	6	2	196	2.2	0	0	0	0	0	0	0	0	0.00	0.00	0.00	0.00	0.00	Matches
84	Nasser Al Bishi		DF	Al-Shabab			1	0	7	0.1	0	0	0	0	0	0	0	0	0.00	0.00	0.00	0.00	0.00	Matches
85	Ameen Bokhari	sa KSA	GK	Al-Fateh	28	1997	5	3	346	3.8	0	0	0	0	0	0	0	0	0.00	0.00	0.00	0.00	0.00	Matches
86	Christopher Bonsu-Baah	gh GHA	MF	Al-Qadsiah	20	2004	32	32	2,666	29.6	3	12	15	3	0	0	5	0	0.10	0.41	0.51	0.10	0.51	Matches
87	Milan Borjan	ca CAN	GK	Al-Riyadh SC	37	1987	34	34	3,060	34.0	0	0	0	0	0	0	2	0	0.00	0.00	0.00	0.00	0.00	Matches
88	Mateo Borrell		MF	Al Okhdood SC			17	12	1,091	12.1	0	1	1	0	0	0	4	0	0.00	0.08	0.08	0.00	0.08	Matches
89	Saïmon Bouabré	fr FRA	MF,FW	Neom	19	2006	15	13	1,155	12.8	1	2	3	1	0	0	1	0	0.08	0.16	0.23	0.08	0.23	Matches
90	Saïmon Bouabré	fr FRA	FW	Al-Hilal	19	2006	7	1	149	1.7	0	0	0	0	0	0	0	0	0.00	0.00	0.00	0.00	0.00	Matches
91	Yassine Bounou	ma MAR	GK	Al-Hilal	34	1991	26	26	2,340	26.0	0	0	0	0	0	0	0	0	0.00	0.00	0.00	0.00	0.00	Matches
92	Nawaf Boushal	sa KSA	DF	Al-Nassr	25	1999	32	20	1,871	20.8	0	6	6	0	0	0	3	1	0.00	0.29	0.29	0.00	0.29	Matches
93	Bilal Boutobba	fr FRA	MF,FW	Al-Najma	26	1998	28	25	2,055	22.8	3	1	4	2	1	1	3	0	0.13	0.04	0.18	0.09	0.13	Matches
94	Abdelmounaim Boutouil	ma MAR	DF	Al-Hazem	27	1998	13	10	866	9.6	0	0	0	0	0	0	3	0	0.00	0.00	0.00	0.00	0.00	Matches
95	Victor Braga	br BRA	GK	Al-Najma	33	1992	31	31	2,737	30.4	0	0	0	0	0	0	2	0	0.00	0.00	0.00	0.00	0.00	Matches
96	Mohammed Al-Breik	sa KSA	DF	Neom	32	1992	21	11	1,031	11.5	1	1	2	1	0	0	0	0	0.09	0.09	0.17	0.09	0.17	Matches
97	Josh Brownhill	eng ENG	MF,FW	Al-Shabab	29	1995	30	29	2,444	27.2	4	2	6	3	1	1	4	0	0.15	0.07	0.22	0.11	0.18	Matches
98	Marcelo Brozović	hr CRO	MF	Al-Nassr	32	1992	29	29	2,425	26.9	0	4	4	0	0	0	7	0	0.00	0.15	0.15	0.00	0.15	Matches
99	Mohammed Bu Muaykil		FW	Al-Fateh			1	0	4	0.0	0	0	0	0	0	0	0	0	0.00	0.00	0.00	0.00	0.00	Matches
100	Mubarak Al Buainain	sa KSA	GK	Al-Nassr	19	2006	1	0	28	0.3	0	0	0	0	0	0	0	0	0.00	0.00	0.00	0.00	0.00	Matches
Rk	Player	Nation	Pos	Squad	Age	Born	MP	Starts	Min	90s	Gls	Ast	G+A	G-PK	PK	PKatt	CrdY	CrdR	Gls	Ast	G+A	G-PK	G+A-PK	Matches
101	John Buckley	eng ENG	MF	Al Kholood Saudi Club	25	1999	31	31	2,695	29.9	2	4	6	2	0	0	6	0	0.07	0.13	0.20	0.07	0.20	Matches
102	Ali Al-Bulaihi	sa KSA	DF	Al-Shabab	35	1989	14	14	1,252	13.9	2	0	2	2	0	0	1	0	0.14	0.00	0.14	0.14	0.14	Matches
103	Ali Al-Bulaihi	sa KSA	DF	Al-Hilal	35	1989	3	1	89	1.0	0	0	0	0	0	0	0	0	0.00	0.00	0.00	0.00	0.00	Matches
104	Firas Al-Buraikan	sa KSA	FW,MF	Al-Ahli	25	2000	34	16	1,744	19.4	5	1	6	5	0	0	1	0	0.26	0.05	0.31	0.26	0.31	Matches
105	Heorhiy Bushchan	ua UKR	GK	Al-Shabab	31	1994	1	1	90	1.0	0	0	0	0	0	0	0	0	0.00	0.00	0.00	0.00	0.00	Matches
106	Marcin Bułka	pl POL	GK	Neom	25	1999	6	6	540	6.0	0	0	0	0	0	0	0	0	0.00	0.00	0.00	0.00	0.00	Matches
107	Francisco Calvo	cr CRC	DF,MF	Al-Ettifaq	33	1992	30	30	2,668	29.6	4	1	5	4	0	0	8	0	0.13	0.03	0.17	0.13	0.17	Matches
108	Haroune Camara	sa KSA	FW	Al-Nassr	27	1998	2	0	1	0.0	0	0	0	0	0	0	0	0	0.00	0.00	0.00	0.00	0.00	Matches
109	Haroune Camara	sa KSA	FW	Al-Shabab	27	1998	7	4	315	3.5	1	0	1	1	0	0	3	0	0.29	0.00	0.29	0.29	0.29	Matches
110	Mansour Camara	gn GUI	DF	Al Kholood Saudi Club	17	2007	10	5	571	6.3	0	0	0	0	0	0	1	0	0.00	0.00	0.00	0.00	0.00	Matches
111	João Cancelo	pt POR	DF	Al-Hilal	31	1994	2	2	173	1.9	0	0	0	0	0	0	0	0	0.00	0.00	0.00	0.00	0.00	Matches
112	Felippe Cardoso	br BRA	FW	Al-Najma	26	1998	14	14	1,227	13.6	4	4	8	4	0	0	4	1	0.29	0.29	0.59	0.29	0.59	Matches
113	Carlos	br BRA	FW,MF	Al-Shabab	29	1995	16	12	1,090	12.1	4	0	4	4	0	0	2	0	0.33	0.00	0.33	0.33	0.33	Matches
114	Yannick Carrasco	be BEL	MF,FW	Al-Shabab	31	1993	29	28	2,506	27.8	18	7	25	10	8	9	4	0	0.65	0.25	0.90	0.36	0.61	Matches
115	Gabriel Carvalho	br BRA	FW	Al-Qadsiah	17	2007	10	1	271	3.0	1	1	2	1	0	0	1	0	0.33	0.33	0.66	0.33	0.66	Matches
116	Koen Casteels	be BEL	GK	Al-Qadsiah	33	1992	32	32	2,854	31.7	0	0	0	0	0	0	1	0	0.00	0.00	0.00	0.00	0.00	Matches
117	Kaio César	br BRA	FW	Al-Hilal	21	2004	10	1	230	2.6	0	2	2	0	0	0	2	0	0.00	0.78	0.78	0.00	0.78	Matches
118	Kingsley Coman	fr FRA	MF	Al-Nassr	29	1996	30	30	2,549	28.3	10	11	21	9	1	1	3	0	0.35	0.39	0.74	0.32	0.71	Matches
119	João Costa	br BRA	MF,DF	Al-Ettifaq	20	2005	18	15	1,261	14.0	0	3	3	0	0	0	4	0	0.00	0.21	0.21	0.00	0.21	Matches
120	Juan Cozzani	ar ARG	GK	Al Kholood Saudi Club	26	1998	32	32	2,880	32.0	0	1	1	0	0	0	3	0	0.00	0.03	0.03	0.00	0.03	Matches
121	Awad Dahal	sa KSA	DF	Al-Ettifaq	20	2005	8	1	154	1.7	0	0	0	0	0	0	2	0	0.00	0.00	0.00	0.00	0.00	Matches
122	Sabri Dahal	sa KSA	MF,FW	Al-Fayha	17	2008	24	18	1,519	16.9	3	4	7	3	0	0	5	0	0.18	0.24	0.41	0.18	0.41	Matches
123	Abdurahman Al Dakheel	sa KSA	DF	Al-Hazem			23	22	1,857	20.6	1	0	1	1	0	0	12	0	0.05	0.00	0.05	0.05	0.05	Matches
124	Matteo Dams	be BEL	DF	Al-Ahli	21	2004	9	8	738	8.2	0	1	1	0	0	0	0	0	0.00	0.12	0.12	0.00	0.12	Matches
125	Abdulkarim Darisi	sa KSA	FW	Al-Hilal	22	2003	17	0	249	2.8	0	0	0	0	0	0	0	0	0.00	0.00	0.00	0.00	0.00	Matches
Rk	Player	Nation	Pos	Squad	Age	Born	MP	Starts	Min	90s	Gls	Ast	G+A	G-PK	PK	PKatt	CrdY	CrdR	Gls	Ast	G+A	G-PK	G+A-PK	Matches
126	Faisal Darisi	sa KSA	DF	Al-Fateh	28	1997	4	4	229	2.5	0	0	0	0	0	0	0	0	0.00	0.00	0.00	0.00	0.00	Matches
127	David	br BRA	MF,FW	Damac	21	2004	13	7	674	7.5	0	0	0	0	0	0	0	1	0.00	0.00	0.00	0.00	0.00	Matches
128	Meshal Al Dawood	sa KSA	DF	Al-Hilal	17	2008	2	0	13	0.1	0	0	0	0	0	0	0	0	0.00	0.00	0.00	0.00	0.00	Matches
129	Khalifah Al Dawsari	sa KSA	DF	Neom	26	1999	26	24	2,153	23.9	1	0	1	1	0	0	9	2	0.04	0.00	0.04	0.04	0.04	Matches
130	Nasser Al-Dawsari	sa KSA	MF,DF	Al-Hilal	26	1998	27	17	1,622	18.0	0	1	1	0	0	0	2	1	0.00	0.06	0.06	0.00	0.06	Matches
131	Salem Al-Dawsari	sa KSA	FW,MF	Al-Hilal	33	1991	26	22	1,881	20.9	8	8	16	7	1	2	0	0	0.38	0.38	0.77	0.33	0.72	Matches
132	Wesley Delgado		MF,DF	Al-Fateh	21	2004	24	19	1,526	17.0	2	3	5	2	0	0	8	0	0.12	0.18	0.29	0.12	0.29	Matches
133	Moussa Dembélé	fr FRA	FW	Al-Ettifaq	29	1996	22	20	1,731	19.2	9	2	11	7	2	2	2	1	0.47	0.10	0.57	0.36	0.47	Matches
134	Merih Demiral	tr TUR	DF	Al-Ahli	27	1998	20	20	1,643	18.3	2	0	2	2	0	0	5	0	0.11	0.00	0.11	0.11	0.11	Matches
135	Abdulaziz Al Dhuwayhi	sa KSA	MF,FW	Al-Hazem	25	2000	20	9	785	8.7	4	1	5	4	0	0	3	0	0.46	0.11	0.57	0.46	0.57	Matches
136	Moussa Diaby	fr FRA	MF,FW	Al-Ittihad	26	1999	31	28	2,424	26.9	4	9	13	4	0	0	2	2	0.15	0.33	0.48	0.15	0.48	Matches
137	Abdurahman Al-Dossari	sa KSA	MF	Al Kholood Saudi Club	27	1997	33	16	1,755	19.5	1	0	1	1	0	0	0	1	0.05	0.00	0.05	0.05	0.05	Matches
138	Jamaan Al-Dossari	sa KSA	DF	Al Kholood Saudi Club	31	1993	3	0	73	0.8	0	0	0	0	0	0	0	0	0.00	0.00	0.00	0.00	0.00	Matches
139	Abdoulaye Doucouré	ml MLI	MF	Neom	32	1993	13	12	1,033	11.5	0	4	4	0	0	0	5	0	0.00	0.35	0.35	0.00	0.35	Matches
140	Mahamadou Doumbia	ml MLI	MF	Al-Ittihad	21	2004	14	12	1,114	12.4	1	2	3	1	0	0	4	0	0.08	0.16	0.24	0.08	0.24	Matches
141	Hisham Al Dubais	sa KSA	FW	Al-Najma	23	2001	18	2	411	4.6	0	1	1	0	0	0	0	0	0.00	0.22	0.22	0.00	0.22	Matches
142	Ondrej Duda	sk SVK	MF	Al-Ettifaq	30	1994	27	26	2,120	23.6	0	0	0	0	0	0	8	0	0.00	0.00	0.00	0.00	0.00	Matches
143	Nabil Dunga	eg EGY	MF	Al-Najma	29	1996	12	12	910	10.1	0	0	0	0	0	0	3	0	0.00	0.00	0.00	0.00	0.00	Matches
144	Abdulraouf Al Duqayl	sa KSA	GK	Al-Fayha	29	1995	2	2	180	2.0	0	0	0	0	0	0	0	0	0.00	0.00	0.00	0.00	0.00	Matches
145	Majid Duran		DF	Al-Najma			8	4	346	3.8	0	0	0	0	0	0	0	0	0.00	0.00	0.00	0.00	0.00	Matches
146	Majid Duran		MF,FW	Al-Ettifaq			13	3	315	3.5	0	1	1	0	0	0	0	0	0.00	0.29	0.29	0.00	0.29	Matches
147	Khaled Eid	sa KSA	DF	Al-Najma	25	2000	16	11	1,102	12.2	0	0	0	0	0	0	3	0	0.00	0.00	0.00	0.00	0.00	Matches
148	Abdulaziz Al Elewai	sa KSA	MF,FW	Al Kholood Saudi Club	21	2004	33	27	2,385	26.5	4	2	6	4	0	0	3	0	0.15	0.08	0.23	0.15	0.23	Matches
149	Youssef En-Nesyri	ma MAR	FW	Al-Ittihad	28	1997	13	12	1,037	11.5	6	0	6	5	1	1	0	0	0.52	0.00	0.52	0.43	0.43	Matches
150	Rayan Enad	sa KSA	MF,DF	Al-Fayha	24	2000	23	9	820	9.1	0	0	0	0	0	0	2	0	0.00	0.00	0.00	0.00	0.00	Matches
Rk	Player	Nation	Pos	Squad	Age	Born	MP	Starts	Min	90s	Gls	Ast	G+A	G-PK	PK	PKatt	CrdY	CrdR	Gls	Ast	G+A	G-PK	G+A-PK	Matches
151	Waleed Al-Enezi	sa KSA	GK	Al-Najma	29	1996	4	3	323	3.6	0	0	0	0	0	0	0	0	0.00	0.00	0.00	0.00	0.00	Matches
152	Ramiro Enrique	ar ARG	FW	Al Kholood Saudi Club	24	2001	27	27	2,201	24.5	15	0	15	12	3	3	4	0	0.61	0.00	0.61	0.49	0.49	Matches
153	Hussain Al Essa	sa KSA	MF	Al-Khaleej	24	2000	11	2	327	3.6	0	0	0	0	0	0	1	0	0.00	0.00	0.00	0.00	0.00	Matches
154	Mohammed Essa	sa KSA	MF,DF	Al-Hazem	23	2002	16	8	619	6.9	0	0	0	0	0	0	4	0	0.00	0.00	0.00	0.00	0.00	Matches
155	Sultan Al Essa	sa KSA	MF,DF	Al-Najma	20	2005	9	4	416	4.6	0	0	0	0	0	0	0	0	0.00	0.00	0.00	0.00	0.00	Matches
156	Sultan Al Essa	sa KSA	DF	Al-Hazem	20	2005	3	0	22	0.2	0	0	0	0	0	0	0	0	0.00	0.00	0.00	0.00	0.00	Matches
157	Fabinho	br BRA	MF,DF	Al-Ittihad	31	1993	30	30	2,640	29.3	1	3	4	0	1	1	7	2	0.03	0.10	0.14	0.00	0.10	Matches
158	Muath Fagihy	sa KSA	DF	Al-Ittihad	23	2002	4	2	131	1.5	0	0	0	0	0	0	1	0	0.00	0.00	0.00	0.00	0.00	Matches
159	Muath Fagihy	sa KSA	DF	Al Okhdood SC	23	2002	13	12	988	11.0	0	1	1	0	0	0	5	0	0.00	0.09	0.09	0.00	0.09	Matches
160	Romain Faivre	fr FRA	MF	Al-Taawoun	27	1998	5	1	119	1.3	1	1	2	1	0	0	0	0	0.76	0.76	1.51	0.76	1.51	Matches
161	Ayman Fallatah	sa KSA	MF	Neom	21	2003	5	0	101	1.1	0	0	0	0	0	0	0	0	0.00	0.00	0.00	0.00	0.00	Matches
162	Mohammed Fallatah	sa KSA	MF	Al-Ittihad	18	2007	3	0	32	0.4	0	0	0	0	0	0	1	0	0.00	0.00	0.00	0.00	0.00	Matches
163	Salman Al-Faraj	sa KSA	MF	Neom	35	1989	15	6	589	6.5	0	0	0	0	0	0	1	0	0.00	0.00	0.00	0.00	0.00	Matches
164	Mohammed Al Fatil	sa KSA	DF	Al-Najma	33	1992	11	8	772	8.6	0	0	0	0	0	0	1	0	0.00	0.00	0.00	0.00	0.00	Matches
165	Abdulaziz Al Fawaz	sa KSA	MF	Al-Fateh	17	2008	15	6	596	6.6	0	0	0	0	0	0	2	0	0.00	0.00	0.00	0.00	0.00	Matches
166	João Félix	pt POR	FW,MF	Al-Nassr	25	1999	33	33	2,904	32.3	20	13	33	19	1	1	7	0	0.62	0.40	1.02	0.59	0.99	Matches
167	Jorge Filipe Oliveira Fernandes	pt POR	DF	Al-Fateh	28	1997	29	28	2,490	27.7	2	0	2	2	0	0	5	0	0.07	0.00	0.07	0.07	0.07	Matches
168	Paolo Fernandes	es ESP	MF	Al-Khaleej	26	1998	28	22	1,762	19.6	4	3	7	3	1	1	2	1	0.20	0.15	0.36	0.15	0.31	Matches
169	Roger Fernandes	pt POR	MF,FW	Al-Ittihad	19	2005	15	15	1,154	12.8	2	2	4	2	0	0	2	0	0.16	0.16	0.31	0.16	0.31	Matches
170	Flávio	br BRA	MF	Al-Taawoun	29	1996	26	26	2,220	24.7	0	2	2	0	0	0	8	0	0.00	0.08	0.08	0.00	0.08	Matches
171	Deybi Flores	hn HON	MF	Al-Najma	29	1996	17	17	1,526	17.0	0	0	0	0	0	0	5	0	0.00	0.00	0.00	0.00	0.00	Matches
172	Kostas Fortounis	gr GRE	FW,MF	Al-Khaleej	32	1992	29	29	2,540	28.2	10	12	22	5	5	5	2	0	0.35	0.43	0.78	0.18	0.60	Matches
173	Angelo Fulgini	nc NCL	MF	Al-Taawoun	28	1996	30	30	2,413	26.8	5	9	14	5	0	1	2	0	0.19	0.34	0.52	0.19	0.52	Matches
174	Ahmed Gabal		FW	Al-Fateh			1	0	27	0.3	0	0	0	0	0	0	0	0	0.00	0.00	0.00	0.00	0.00	Matches
175	Galeno	br BRA	MF,FW	Al-Ahli	27	1997	23	22	1,811	20.1	1	7	8	1	0	0	1	0	0.05	0.35	0.40	0.05	0.40	Matches
Rk	Player	Nation	Pos	Squad	Age	Born	MP	Starts	Min	90s	Gls	Ast	G+A	G-PK	PK	PKatt	CrdY	CrdR	Gls	Ast	G+A	G-PK	G+A-PK	Matches
176	Silvère Ganvoula M'Boussy	cg CGO	FW	Al-Fayha	29	1996	29	9	1,206	13.4	4	0	4	4	0	0	2	0	0.30	0.00	0.30	0.30	0.30	Matches
177	Ahmed Al Ghamdi	sa KSA	MF	Al-Ittihad	23	2001	25	5	667	7.4	3	1	4	3	0	0	2	0	0.40	0.13	0.54	0.40	0.54	Matches
178	Faisal Al Ghamdi	sa KSA	MF	Al-Ittihad	23	2001	14	5	362	4.0	1	2	3	1	0	0	1	0	0.25	0.50	0.75	0.25	0.75	Matches
179	Faris Al Ghamdi	sa KSA	MF	Al-Ettifaq	22	2003	19	7	649	7.2	0	2	2	0	0	0	9	0	0.00	0.28	0.28	0.00	0.28	Matches
180	Hamed Al-Ghamdi	sa KSA	MF	Al-Ittihad	26	1999	8	1	140	1.6	0	0	0	0	0	0	0	0	0.00	0.00	0.00	0.00	0.00	Matches
181	Hazzaa Al Ghamdi	sa KSA	FW,MF	Damac	24	2001	17	10	849	9.4	0	0	0	0	0	0	1	1	0.00	0.00	0.00	0.00	0.00	Matches
182	Majed Al Ghamdi	sa KSA	GK	Al-Hazem	27	1998	4	3	315	3.5	0	0	0	0	0	0	1	0	0.00	0.00	0.00	0.00	0.00	Matches
183	Ziyad Al Ghamdi	sa KSA	FW	Al-Ettifaq	20	2005	10	0	90	1.0	0	0	0	0	0	0	0	0	0.00	0.00	0.00	0.00	0.00	Matches
184	Sultan Al-Ghanam	sa KSA	DF	Al-Nassr	31	1994	32	19	1,783	19.8	0	1	1	0	0	0	3	0	0.00	0.05	0.05	0.00	0.05	Matches
185	Khalid Al Ghannam	sa KSA	MF,FW	Al-Ettifaq	24	2000	32	25	2,163	24.0	13	6	19	13	0	0	4	0	0.54	0.25	0.79	0.54	0.79	Matches
186	Yahya Gharawi		MF	Neom			2	0	24	0.3	0	0	0	0	0	0	0	0	0.00	0.00	0.00	0.00	0.00	Matches
187	Abdulrahman Ghareeb	sa KSA	MF	Al-Nassr	28	1997	23	4	512	5.7	2	2	4	2	0	0	3	0	0.35	0.35	0.70	0.35	0.70	Matches
188	Nawaf Al Ghulaimish	sa KSA	DF	Al-Shabab	20	2005	6	4	372	4.1	0	0	0	0	0	0	0	0	0.00	0.00	0.00	0.00	0.00	Matches
189	Andrei Girotto	br BRA	DF	Al-Taawoun	33	1992	22	22	1,910	21.2	2	0	2	2	0	0	7	0	0.09	0.00	0.09	0.09	0.09	Matches
190	Matija Gluščević	rs SRB	FW,DF	Al-Ettifaq	21	2004	7	2	226	2.5	0	0	0	0	0	0	0	0	0.00	0.00	0.00	0.00	0.00	Matches
191	Matheus Gonçalves	br BRA	MF,FW	Al-Ahli	19	2005	21	15	1,421	15.8	2	2	4	2	0	0	3	0	0.13	0.13	0.25	0.13	0.25	Matches
192	Gustavo Gouveia	br BRA	FW	Al Kholood Saudi Club	18	2006	22	6	753	8.4	2	2	4	2	0	0	1	0	0.24	0.24	0.48	0.24	0.48	Matches
193	Marcelo Grohe	br BRA	GK	Al-Shabab	38	1987	33	33	2,970	33.0	0	0	0	0	0	0	2	0	0.00	0.00	0.00	0.00	0.00	Matches
194	Gökhan Gül	de GER	DF,MF	Al Okhdood SC	27	1998	33	32	2,573	28.6	1	3	4	1	0	0	4	0	0.03	0.10	0.14	0.03	0.14	Matches
195	Koray Günter	de GER	DF	Al Okhdood SC	30	1994	27	26	2,346	26.1	1	1	2	1	0	0	2	0	0.04	0.04	0.08	0.04	0.08	Matches
196	Norbert Gyömbér	sk SVK	DF	Al Kholood Saudi Club	33	1992	28	28	2,455	27.3	0	0	0	0	0	0	4	0	0.00	0.00	0.00	0.00	0.00	Matches
197	Nawaf Al Habashi	sa KSA	MF,FW	Al-Hazem	27	1998	29	20	1,812	20.1	4	2	6	4	0	0	2	0	0.20	0.10	0.30	0.20	0.30	Matches
198	Danyal Al Habib		MF	Al-Fayha			1	0	45	0.5	0	0	0	0	0	0	0	0	0.00	0.00	0.00	0.00	0.00	Matches
199	Abdullah Al-Hafith	sa KSA	DF	Al-Khaleej	32	1992	23	12	1,220	13.6	0	1	1	0	0	0	1	0	0.00	0.07	0.07	0.00	0.07	Matches
200	Marwan Al Haidari	sa KSA	GK	Al-Khaleej	29	1996	1	1	90	1.0	0	0	0	0	0	0	0	0	0.00	0.00	0.00	0.00	0.00	Matches
Rk	Player	Nation	Pos	Squad	Age	Born	MP	Starts	Min	90s	Gls	Ast	G+A	G-PK	PK	PKatt	CrdY	CrdR	Gls	Ast	G+A	G-PK	G+A-PK	Matches
201	Asiri Haitham	sa KSA	FW	Al-Qadsiah	24	2001	6	0	85	0.9	0	0	0	0	0	0	0	0	0.00	0.00	0.00	0.00	0.00	Matches
202	Talal Haji	sa KSA	FW	Al-Riyadh SC	17	2007	4	2	185	2.1	0	0	0	0	0	0	0	0	0.00	0.00	0.00	0.00	0.00	Matches
203	Talal Haji	sa KSA	FW	Al-Ittihad	17	2007	2	0	47	0.5	0	0	0	0	0	0	0	0	0.00	0.00	0.00	0.00	0.00	Matches
204	Nasser Al Haleel	sa KSA	DF	Al-Najma	25	2000	25	22	1,822	20.2	1	0	1	1	0	0	6	1	0.05	0.00	0.05	0.05	0.05	Matches
205	Fawaz Al Hamad	sa KSA	DF	Al-Fateh	21	2004	6	4	354	3.9	0	0	0	0	0	0	1	0	0.00	0.00	0.00	0.00	0.00	Matches
206	Abderrazak Hamdallah	ma MAR	FW	Al-Shabab	34	1990	14	13	1,210	13.4	6	2	8	5	1	1	2	0	0.45	0.15	0.60	0.37	0.52	Matches
207	Abdullah Al Hamdan	sa KSA	FW	Al-Hilal	25	1999	10	0	43	0.5	0	0	0	0	0	0	0	0	0.00	0.00	0.00	0.00	0.00	Matches
208	Abdullah Al Hamdan	sa KSA	FW	Al-Nassr	25	1999	15	3	284	3.2	3	1	4	3	0	0	0	0	0.95	0.32	1.27	0.95	1.27	Matches
209	Rayan Hamidou	sa KSA	DF	Al-Ahli	23	2002	23	16	1,543	17.1	3	0	3	3	0	0	1	0	0.17	0.00	0.17	0.17	0.17	Matches
210	Hammam Al Hammami	sa KSA	MF,FW	Al-Shabab	21	2004	30	16	1,518	16.9	1	1	2	1	0	0	2	0	0.06	0.06	0.12	0.06	0.12	Matches
211	Saeed Al Hamsal	sa KSA	DF	Al-Khaleej	29	1996	28	28	2,256	25.1	0	1	1	0	0	0	7	0	0.00	0.04	0.04	0.00	0.04	Matches
212	Mansor Hamzi	sa KSA	MF	Al-Khaleej	33	1992	30	13	1,415	15.7	0	1	1	0	0	0	6	0	0.00	0.06	0.06	0.00	0.06	Matches
213	Abdulaziz Al Harabi	sa KSA	MF,DF	Al-Najma	28	1997	20	10	1,013	11.3	0	1	1	0	0	0	5	0	0.00	0.09	0.09	0.00	0.09	Matches
214	Abdulhadi Al-Harajin	sa KSA	MF	Al-Hazem	30	1994	6	1	114	1.3	0	0	0	0	0	0	0	0	0.00	0.00	0.00	0.00	0.00	Matches
215	Abdulaziz Al Harbi	sa KSA	DF,MF	Al-Hazem	21	2003	21	12	1,176	13.1	0	1	1	0	0	0	5	0	0.00	0.08	0.08	0.00	0.08	Matches
216	Abdulmalik Al Harbi	sa KSA	MF	Al-Taawoun	20	2005	2	0	18	0.2	0	0	0	0	0	0	0	0	0.00	0.00	0.00	0.00	0.00	Matches
217	Moteb Al-Harbi	sa KSA	DF	Al-Hilal	25	2000	30	20	1,825	20.3	2	2	4	2	0	0	0	0	0.10	0.10	0.20	0.10	0.20	Matches
218	Ammar Al Harfi		DF	Al-Riyadh SC			23	8	817	9.1	0	1	1	0	0	0	4	0	0.00	0.11	0.11	0.00	0.11	Matches
219	Jamal Harkass	ma MAR	DF	Damac	29	1995	31	30	2,674	29.7	2	1	3	2	0	0	9	0	0.07	0.03	0.10	0.07	0.10	Matches
220	Nawaf Al Harthi	sa KSA	MF,FW	Al-Fayha	26	1998	16	4	386	4.3	0	0	0	0	0	0	1	0	0.00	0.00	0.00	0.00	0.00	Matches
221	Saleh Al Harthi	sa KSA	MF	Al Okhdood SC	29	1995	16	1	241	2.7	0	0	0	0	0	0	3	0	0.00	0.00	0.00	0.00	0.00	Matches
222	Sultan Harun		FW	Al-Riyadh SC			18	3	461	5.1	2	0	2	2	0	0	4	0	0.39	0.00	0.39	0.39	0.39	Matches
223	Abbas Al Hassan	sa KSA	MF	Neom	21	2004	8	4	314	3.5	0	0	0	0	0	0	2	0	0.00	0.00	0.00	0.00	0.00	Matches
224	Ali Al Hassan	sa KSA	MF	Al-Nassr	28	1997	23	3	373	4.1	0	0	0	0	0	0	3	0	0.00	0.00	0.00	0.00	0.00	Matches
225	Jawad Al Hassan		FW	Damac			1	0	1	0.0	0	0	0	0	0	0	0	0	0.00	0.00	0.00	0.00	0.00	Matches
Rk	Player	Nation	Pos	Squad	Age	Born	MP	Starts	Min	90s	Gls	Ast	G+A	G-PK	PK	PKatt	CrdY	CrdR	Gls	Ast	G+A	G-PK	G+A-PK	Matches
226	Abdullah Hassun	sa KSA	DF,MF	Al-Riyadh SC	28	1997	9	6	491	5.5	0	0	0	0	0	0	1	0	0.00	0.00	0.00	0.00	0.00	Matches
227	Abduleallah Hawsawi	sa KSA	MF	Al-Taawoun	24	2001	12	1	239	2.7	0	0	0	0	0	0	2	0	0.00	0.00	0.00	0.00	0.00	Matches
228	Abdullah Hawsawi	sa KSA	DF,MF	Al-Najma	29	1996	25	22	1,933	21.5	0	0	0	0	0	0	7	0	0.00	0.00	0.00	0.00	0.00	Matches
229	Ghassan Hawsawi	sa KSA	DF,MF	Al Okhdood SC	22	2003	15	8	818	9.1	1	0	1	1	0	0	3	0	0.11	0.00	0.11	0.11	0.11	Matches
230	Islam Hawsawi	sa KSA	DF	Neom	23	2001	20	7	612	6.8	0	1	1	0	0	0	1	0	0.00	0.15	0.15	0.00	0.15	Matches
231	Murad Al Hawsawi	sa KSA	MF	Al-Khaleej	24	2001	8	8	637	7.1	1	1	2	1	0	0	5	0	0.14	0.14	0.28	0.14	0.28	Matches
232	Murad Al Hawsawi	sa KSA	MF	Al-Hilal	24	2001	8	2	256	2.8	0	1	1	0	0	0	1	0	0.00	0.35	0.35	0.00	0.35	Matches
233	Nawaf Al-Hawsawi		DF,FW	Al-Najma			10	4	346	3.8	0	0	0	0	0	0	3	0	0.00	0.00	0.00	0.00	0.00	Matches
234	Sanousi Al Hawsawi	sa KSA	DF	Damac	26	1998	29	24	2,173	24.1	1	1	2	1	0	0	4	0	0.04	0.04	0.08	0.04	0.08	Matches
235	Arif Al Haydar	sa KSA	MF	Al-Khaleej	28	1997	8	1	117	1.3	0	0	0	0	0	0	3	0	0.00	0.00	0.00	0.00	0.00	Matches
236	Ali Hazazi	sa KSA	MF	Al-Qadsiah	31	1994	26	6	703	7.8	1	0	1	1	0	0	2	0	0.13	0.00	0.13	0.13	0.13	Matches
237	Sulaiman Hazazi	sa KSA	DF,MF	Al-Riyadh SC	22	2003	24	15	1,384	15.4	0	1	1	0	0	0	0	0	0.00	0.07	0.07	0.00	0.07	Matches
238	Ahmed Hegazi	eg EGY	DF	Neom	34	1991	28	28	2,411	26.8	1	0	1	1	0	0	5	0	0.04	0.00	0.04	0.04	0.04	Matches
239	Alaa Al Hejji	sa KSA	MF	Neom	29	1995	24	16	1,346	15.0	3	1	4	3	0	0	1	0	0.20	0.07	0.27	0.20	0.27	Matches
240	Jack Hendry	sct SCO	DF	Al-Ettifaq	30	1995	30	29	2,556	28.4	1	0	1	1	0	0	7	1	0.04	0.00	0.04	0.04	0.04	Matches
241	Theo Hernández	fr FRA	DF,MF	Al-Hilal	27	1997	31	31	2,740	30.4	5	1	6	5	0	0	7	0	0.16	0.03	0.20	0.16	0.20	Matches
242	Unai Hernandez	es ESP	MF,FW	Al-Shabab	20	2004	19	14	1,260	14.0	0	1	1	0	0	0	6	0	0.00	0.07	0.07	0.00	0.07	Matches
243	Abdulaziz Hetalh	sa KSA	MF,FW	Al Okhdood SC	26	1999	31	11	1,270	14.1	4	1	5	4	0	0	1	0	0.28	0.07	0.35	0.28	0.35	Matches
244	Abdulbasit Hindi	sa KSA	DF	Al-Ettifaq	28	1997	16	14	1,144	12.7	0	0	0	0	0	0	3	1	0.00	0.00	0.00	0.00	0.00	Matches
245	Wesley Hoedt	nl NED	DF	Al-Shabab	31	1994	32	32	2,865	31.8	0	0	0	0	0	0	4	1	0.00	0.00	0.00	0.00	0.00	Matches
246	Zakaria Al Hosawi	sa KSA	DF	Al-Ahli	24	2001	22	18	1,600	17.8	1	1	2	1	0	0	5	0	0.06	0.06	0.11	0.06	0.11	Matches
247	Victor Hugo	br BRA	MF	Al-Taawoun	21	2004	16	10	856	9.5	0	0	0	0	0	0	4	0	0.00	0.00	0.00	0.00	0.00	Matches
248	Bassam Al Hurayji	sa KSA	DF	Al-Taawoun	25	2000	12	4	506	5.6	1	0	1	1	0	0	1	0	0.18	0.00	0.18	0.18	0.18	Matches
249	Mohammed Hurbush	sa KSA	DF	Al-Shabab	22	2003	2	2	166	1.8	0	0	0	0	0	0	0	0	0.00	0.00	0.00	0.00	0.00	Matches
250	Odai Hussein Abdulghani		DF	Al Kholood Saudi Club			5	0	38	0.4	0	0	0	0	0	0	0	0	0.00	0.00	0.00	0.00	0.00	Matches
Rk	Player	Nation	Pos	Squad	Age	Born	MP	Starts	Min	90s	Gls	Ast	G+A	G-PK	PK	PKatt	CrdY	CrdR	Gls	Ast	G+A	G-PK	G+A-PK	Matches
251	Ali Al Hussien		MF	Al-Fayha			4	2	132	1.5	0	0	0	0	0	0	0	0	0.00	0.00	0.00	0.00	0.00	Matches
252	Roger Ibanez	br BRA	DF	Al-Ahli	26	1998	28	28	2,423	26.9	2	2	4	2	0	0	5	2	0.07	0.07	0.15	0.07	0.15	Matches
253	Hassan Idris		MF	Al-Hazem			1	0	1	0.0	0	0	0	0	0	0	0	0	0.00	0.00	0.00	0.00	0.00	Matches
254	George Ilenikhena	ng NGA	FW	Al-Ittihad	18	2006	2	1	88	1.0	0	0	0	0	0	0	1	0	0.00	0.00	0.00	0.00	0.00	Matches
255	Burak İnce	tr TUR	MF,FW	Al Okhdood SC	21	2004	25	15	1,400	15.6	1	0	1	1	0	0	0	0	0.06	0.00	0.06	0.06	0.06	Matches
256	Yaseen Al Jaber	sa KSA	DF	Al-Ittihad	19	2006	1	0	10	0.1	0	0	0	0	0	0	0	0	0.00	0.00	0.00	0.00	0.00	Matches
257	Rakan Jamaan		MF	Al Kholood Saudi Club			1	0	3	0.0	0	0	0	0	0	0	0	0	0.00	0.00	0.00	0.00	0.00	Matches
258	Ziyad Al Jari	sa KSA	DF	Al-Fateh	23	2001	23	21	1,713	19.0	0	0	0	0	0	0	6	0	0.00	0.00	0.00	0.00	0.00	Matches
259	Ali Jasim	iq IRQ	MF,FW	Al-Najma	21	2004	24	19	1,612	17.9	4	1	5	4	0	0	1	0	0.22	0.06	0.28	0.22	0.28	Matches
260	Jason	es ESP	FW,MF	Al-Fayha	31	1994	34	33	2,724	30.3	5	8	13	5	0	0	4	0	0.17	0.26	0.43	0.17	0.43	Matches
261	Hamad Al-Jizani	sa KSA	MF,DF	Al-Khaleej	32	1993	12	2	274	3.0	0	1	1	0	0	0	1	0	0.00	0.33	0.33	0.00	0.33	Matches
262	Ziyad Al Johani	sa KSA	MF	Al-Ahli	23	2001	26	17	1,499	16.7	0	1	1	0	0	0	6	2	0.00	0.06	0.06	0.00	0.06	Matches
263	Abdullah Al-Jouei	sa KSA	MF	Al-Fayha	30	1995	5	0	45	0.5	0	0	0	0	0	0	0	0	0.00	0.00	0.00	0.00	0.00	Matches
264	Ahmed Al Julaydan	sa KSA	DF,MF	Al-Ittihad	21	2004	22	6	657	7.3	0	1	1	0	0	0	2	0	0.00	0.14	0.14	0.00	0.14	Matches
265	Musab Al Juwayr	sa KSA	MF	Al-Qadsiah	22	2003	31	31	2,520	28.0	6	11	17	6	0	0	0	0	0.21	0.39	0.61	0.21	0.61	Matches
266	Rakan Al Kaabi	sa KSA	MF	Al-Khaleej	20	2004	1	0	4	0.0	0	0	0	0	0	0	0	0	0.00	0.00	0.00	0.00	0.00	Matches
267	Hassan Kadesh	sa KSA	DF	Al-Ittihad	32	1992	27	27	2,269	25.2	1	0	1	1	0	0	0	1	0.04	0.00	0.04	0.04	0.04	Matches
268	Majed Kanabah	sa KSA	MF	Al-Khaleej	32	1993	32	25	2,075	23.1	0	1	1	0	0	0	7	1	0.00	0.04	0.04	0.00	0.04	Matches
269	Mohamed Kanno	sa KSA	MF	Al-Hilal	30	1994	32	25	2,082	23.1	5	4	9	5	0	0	2	0	0.22	0.17	0.39	0.22	0.39	Matches
270	Jérémie Kanon	fr FRA	DF	Al-Fayha	21	2004	1	0	16	0.2	0	0	0	0	0	0	1	0	0.00	0.00	0.00	0.00	0.00	Matches
271	N'Golo Kanté	fr FRA	MF	Al-Ittihad	34	1991	18	18	1,562	17.4	2	1	3	2	0	0	0	0	0.12	0.06	0.17	0.12	0.17	Matches
272	Ahmed Al-Kassar	sa KSA	GK	Al-Qadsiah	34	1991	3	2	206	2.3	0	0	0	0	0	0	0	0	0.00	0.00	0.00	0.00	0.00	Matches
273	Franck Kessié	ci CIV	MF,DF	Al-Ahli	28	1996	26	26	2,165	24.1	5	3	8	5	0	0	5	0	0.21	0.12	0.33	0.21	0.33	Matches
274	Kewin	br BRA	GK	Damac	29	1995	34	34	3,060	34.0	0	0	0	0	0	0	2	0	0.00	0.00	0.00	0.00	0.00	Matches
275	Mohammed Al-Khabrani	sa KSA	DF	Al-Khaleej	31	1993	32	32	2,798	31.1	0	0	0	0	0	0	8	1	0.00	0.00	0.00	0.00	0.00	Matches
Rk	Player	Nation	Pos	Squad	Age	Born	MP	Starts	Min	90s	Gls	Ast	G+A	G-PK	PK	PKatt	CrdY	CrdR	Gls	Ast	G+A	G-PK	G+A-PK	Matches
276	Abdulelah Al Khaibari	sa KSA	DF,MF	Al-Riyadh SC	29	1996	13	12	1,056	11.7	0	0	0	0	0	0	5	0	0.00	0.00	0.00	0.00	0.00	Matches
277	Abdulelah Al Khaibari	sa KSA	DF	Al-Ahli	29	1996	4	1	94	1.0	0	0	0	0	0	0	0	0	0.00	0.00	0.00	0.00	0.00	Matches
278	Abdullah Al-Khaibari	sa KSA	MF	Al-Nassr	28	1996	32	15	1,685	18.7	0	1	1	0	0	0	5	0	0.00	0.05	0.05	0.00	0.05	Matches
279	Abdulrahman Al Khaibari	sa KSA	DF	Damac	25	2000	22	12	1,108	12.3	0	0	0	0	0	0	1	1	0.00	0.00	0.00	0.00	0.00	Matches
280	Abdurahman Al-Khaibari	sa KSA	MF	Al-Hazem	37	1988	4	2	108	1.2	0	0	0	0	0	0	2	0	0.00	0.00	0.00	0.00	0.00	Matches
281	Ammar Al Khaibari	sa KSA	FW	Al-Fayha	20	2004	11	0	254	2.8	1	0	1	1	0	0	1	0	0.35	0.00	0.35	0.35	0.35	Matches
282	Thamer Al Khaibari	sa KSA	FW	Al-Khaleej	19	2005	12	2	253	2.8	0	0	0	0	0	0	0	0	0.00	0.00	0.00	0.00	0.00	Matches
283	Thamer Al Khaibari	sa KSA	FW	Neom	19	2005	3	0	27	0.3	0	0	0	0	0	0	0	0	0.00	0.00	0.00	0.00	0.00	Matches
284	Majed Khalifa	sa KSA	FW	Al Kholood Saudi Club	21	2004	20	1	273	3.0	0	0	0	0	0	0	0	0	0.00	0.00	0.00	0.00	0.00	Matches
285	Abdullah Khateeb	sa KSA	DF	Al-Ettifaq	30	1995	29	27	2,359	26.2	0	1	1	0	0	0	6	1	0.00	0.04	0.04	0.00	0.04	Matches
286	Joshua King	no NOR	FW	Al-Khaleej	33	1992	29	26	2,302	25.6	20	2	22	20	0	0	3	0	0.78	0.08	0.86	0.78	0.86	Matches
287	Koka	eg EGY	FW	Al-Ettifaq	32	1993	14	7	634	7.0	1	0	1	1	0	0	1	0	0.14	0.00	0.14	0.14	0.14	Matches
288	Amadou Koné	ml MLI	MF	Neom	20	2005	32	32	2,800	31.1	2	1	3	2	0	0	7	0	0.06	0.03	0.10	0.06	0.10	Matches
289	Iker Kortajarena	es ESP	MF	Al Kholood Saudi Club	25	2000	16	15	1,342	14.9	1	0	1	1	0	0	2	0	0.07	0.00	0.07	0.07	0.07	Matches
290	Kalidou Koulibaly	sn SEN	DF	Al-Hilal	34	1991	18	18	1,593	17.7	1	2	3	1	0	0	6	1	0.06	0.11	0.17	0.06	0.17	Matches
291	Dimitrios Kourbelis	gr GRE	MF	Al-Khaleej	31	1993	29	28	2,311	25.7	1	1	2	1	0	0	2	2	0.04	0.04	0.08	0.04	0.08	Matches
292	Blaž Kramer	si SVN	FW	Al Okhdood SC	29	1996	13	11	990	11.0	1	0	1	1	0	0	4	0	0.09	0.00	0.09	0.09	0.09	Matches
293	Mohammed Al Kunaydiri	sa KSA	DF	Al-Najma	24	2000	4	3	266	3.0	0	1	1	0	0	0	1	0	0.00	0.34	0.34	0.00	0.34	Matches
294	Mohammed Al-Kwikbi	sa KSA	FW,MF	Al-Taawoun	30	1994	23	18	1,486	16.5	4	7	11	4	0	0	1	0	0.24	0.42	0.67	0.24	0.67	Matches
295	Alexandre Lacazette	fr FRA	FW	Neom	34	1991	32	31	2,673	29.7	11	4	15	7	4	5	3	0	0.37	0.13	0.51	0.24	0.37	Matches
296	Ali Lajami	sa KSA	DF	Al-Hilal	29	1996	25	5	642	7.1	0	0	0	0	0	0	0	0	0.00	0.00	0.00	0.00	0.00	Matches
297	Qassem Lajami	sa KSA	DF	Al-Qadsiah	29	1996	4	2	158	1.8	0	0	0	0	0	0	0	0	0.00	0.00	0.00	0.00	0.00	Matches
298	Qassem Lajami	sa KSA	DF	Al-Taawoun	29	1996	14	14	1,256	14.0	0	0	0	0	0	0	1	0	0.00	0.00	0.00	0.00	0.00	Matches
299	Lázaro	br BRA	FW,MF	Al-Najma	23	2002	25	23	2,015	22.4	7	1	8	5	2	3	5	1	0.31	0.04	0.36	0.22	0.27	Matches
300	Khaled Al Lazem		FW	Al Okhdood SC			15	8	671	7.5	0	1	1	0	0	0	3	0	0.00	0.13	0.13	0.00	0.13	Matches
Rk	Player	Nation	Pos	Squad	Age	Born	MP	Starts	Min	90s	Gls	Ast	G+A	G-PK	PK	PKatt	CrdY	CrdR	Gls	Ast	G+A	G-PK	G+A-PK	Matches
301	Victor Lekhal	dz ALG	MF	Al-Riyadh SC	31	1994	15	15	1,350	15.0	0	1	1	0	0	0	2	0	0.00	0.07	0.07	0.00	0.07	Matches
302	Marcos Leonardo	br BRA	FW	Al-Hilal	22	2003	27	18	1,573	17.5	13	1	14	13	0	0	2	0	0.74	0.06	0.80	0.74	0.80	Matches
303	Yazan Madani	sa KSA	DF	Al-Ahli	20	2005	3	0	10	0.1	0	0	0	0	0	0	0	0	0.00	0.00	0.00	0.00	0.00	Matches
304	Abdullah Madu	sa KSA	DF	Al-Ettifaq	32	1993	13	9	802	8.9	0	0	0	0	0	0	2	0	0.00	0.00	0.00	0.00	0.00	Matches
305	Abdulhakim Maghfori		MF	Al-Ettifaq			3	0	14	0.2	0	0	0	0	0	0	0	0	0.00	0.00	0.00	0.00	0.00	Matches
306	Aschraf El Mahdioui	ma MAR	MF	Al-Taawoun	29	1996	33	33	2,970	33.0	0	2	2	0	0	0	7	0	0.00	0.06	0.06	0.00	0.06	Matches
307	Ibrahim Mahnashi	sa KSA	DF	Al-Qadsiah	25	1999	12	3	292	3.2	1	0	1	1	0	0	1	0	0.31	0.00	0.31	0.31	0.31	Matches
308	Riyad Mahrez	dz ALG	MF,FW	Al-Ahli	34	1991	27	27	2,298	25.5	4	8	12	4	0	0	2	0	0.16	0.31	0.47	0.16	0.47	Matches
309	Mohammed Mahzari	sa KSA	DF	Al-Taawoun	23	2002	33	33	2,941	32.7	1	2	3	1	0	0	3	0	0.03	0.06	0.09	0.03	0.09	Matches
310	Mailson	br BRA	GK	Al-Taawoun	28	1996	33	33	2,970	33.0	0	0	0	0	0	0	1	0	0.00	0.00	0.00	0.00	0.00	Matches
311	Ahmed Majrashi		MF	Al Okhdood SC			1	0	7	0.1	0	0	0	0	0	0	0	0	0.00	0.00	0.00	0.00	0.00	Matches
312	Ali Majrashi	sa KSA	DF	Al-Ahli	25	1999	27	26	2,156	24.0	1	3	4	1	0	0	7	2	0.04	0.13	0.17	0.04	0.17	Matches
313	Ali Makki	sa KSA	DF,MF	Al-Shabab	26	1999	13	6	501	5.6	0	0	0	0	0	0	1	1	0.00	0.00	0.00	0.00	0.00	Matches
314	Malcom	br BRA	FW,MF	Al-Hilal	28	1997	33	32	2,772	30.8	7	10	17	7	0	0	1	0	0.23	0.32	0.55	0.23	0.55	Matches
315	Mohammed Mali	sa KSA	FW	Al-Najma	25	2000	1	0	1	0.0	0	0	0	0	0	0	0	0	0.00	0.00	0.00	0.00	0.00	Matches
316	Abdulellah Al-Malki	sa KSA	MF	Al-Hilal	30	1994	1	0	9	0.1	0	0	0	0	0	0	0	0	0.00	0.00	0.00	0.00	0.00	Matches
317	Sadio Mané	sn SEN	MF	Al-Nassr	33	1992	25	25	2,124	23.6	10	6	16	9	1	1	6	0	0.42	0.25	0.68	0.38	0.64	Matches
318	Myziane Maolida	km COM	MF,FW	Al Kholood Saudi Club	26	1999	11	11	891	9.9	3	3	6	3	0	2	1	0	0.30	0.30	0.61	0.30	0.61	Matches
319	Pablo Marí	es ESP	DF	Al-Hilal	31	1993	5	4	360	4.0	0	0	0	0	0	0	2	0	0.00	0.00	0.00	0.00	0.00	Matches
320	Mohammed Marran	sa KSA	FW	Al-Nassr	24	2001	3	0	33	0.4	0	0	0	0	0	0	0	0	0.00	0.00	0.00	0.00	0.00	Matches
321	Iñigo Martínez	es ESP	DF	Al-Nassr	34	1991	31	31	2,755	30.6	3	0	3	3	0	0	6	0	0.10	0.00	0.10	0.10	0.10	Matches
322	Roger Martínez	co COL	FW	Al-Taawoun	31	1994	32	32	2,710	30.1	23	2	25	16	7	7	9	0	0.76	0.07	0.83	0.53	0.60	Matches
323	Fábio Martins	pt POR	MF,FW	Al-Hazem	32	1993	33	28	2,334	25.9	5	4	9	4	1	3	5	0	0.19	0.15	0.35	0.15	0.31	Matches
324	Ali Al Masoud	sa KSA	MF	Al-Fateh	21	2004	11	2	340	3.8	1	0	1	1	0	0	0	0	0.26	0.00	0.26	0.26	0.26	Matches
325	Naif Masoud	sa KSA	MF,DF	Al-Fateh	24	2001	25	18	1,505	16.7	1	0	1	1	0	0	3	0	0.06	0.00	0.06	0.06	0.06	Matches
Rk	Player	Nation	Pos	Squad	Age	Born	MP	Starts	Min	90s	Gls	Ast	G+A	G-PK	PK	PKatt	CrdY	CrdR	Gls	Ast	G+A	G-PK	G+A-PK	Matches
326	Giorgos Masouras	gr GRE	MF,FW	Al-Khaleej	31	1994	32	32	2,787	31.0	13	3	16	13	0	0	3	0	0.42	0.10	0.52	0.42	0.52	Matches
327	Ricardo Mathias	br BRA	FW	Al-Ahli	19	2006	3	0	51	0.6	0	1	1	0	0	0	0	0	0.00	1.76	1.76	0.00	1.76	Matches
328	Abdullah Matuq	sa KSA	MF,FW	Al-Shabab	22	2003	11	5	456	5.1	0	0	0	0	0	0	2	1	0.00	0.00	0.00	0.00	0.00	Matches
329	Luís Maximiano	pt POR	GK	Neom	26	1999	28	28	2,520	28.0	0	0	0	0	0	0	1	0	0.00	0.00	0.00	0.00	0.00	Matches
330	Abdoulie Mboge		MF	Al-Khaleej			3	0	27	0.3	0	0	0	0	0	0	0	0	0.00	0.00	0.00	0.00	0.00	Matches
331	Jesús Medina	py PAR	MF,FW	Damac	28	1997	12	9	799	8.9	1	0	1	1	0	0	3	0	0.11	0.00	0.11	0.11	0.11	Matches
332	Álvaro Medrán	es ESP	MF	Al-Ettifaq	31	1994	29	28	2,517	28.0	1	8	9	1	0	0	7	0	0.04	0.29	0.32	0.04	0.32	Matches
333	Kader Meïté	fr FRA	FW	Al-Hilal	17	2007	5	1	154	1.7	1	0	1	1	0	0	0	0	0.58	0.00	0.58	0.58	0.58	Matches
334	Yakou Méïte	ci CIV	FW,MF	Damac	29	1996	22	15	1,413	15.7	5	0	5	5	0	0	7	0	0.32	0.00	0.32	0.32	0.32	Matches
335	Sultan Mendash	sa KSA	MF	Al-Hilal	30	1994	15	4	452	5.0	4	2	6	4	0	0	3	0	0.80	0.40	1.19	0.80	1.19	Matches
336	Sultan Mendash	sa KSA	FW,MF	Al-Taawoun	30	1994	13	10	877	9.7	2	3	5	2	0	0	0	0	0.21	0.31	0.51	0.21	0.51	Matches
337	Edouard Mendy	sn SEN	GK	Al-Ahli	33	1992	26	26	2,340	26.0	0	0	0	0	0	0	2	0	0.00	0.00	0.00	0.00	0.00	Matches
338	Jacob Mendy	sa KSA	MF	Al-Fayha	28	1996	25	20	1,707	19.0	0	1	1	0	0	0	3	0	0.00	0.05	0.05	0.00	0.05	Matches
339	Rayane Messi Tanfouri	fr FRA	MF	Neom	18	2007	13	12	1,052	11.7	1	1	2	1	0	0	0	0	0.09	0.09	0.17	0.09	0.17	Matches
340	Sergej Milinković-Savić	rs SRB	MF	Al-Hilal	30	1995	32	32	2,855	31.7	8	7	15	8	0	0	6	0	0.25	0.22	0.47	0.25	0.47	Matches
341	Enzo Millot	fr FRA	MF	Al-Ahli	23	2002	24	23	1,937	21.5	3	3	6	3	0	0	9	0	0.14	0.14	0.28	0.14	0.28	Matches
342	Mario Mitaj	al ALB	DF,MF	Al-Ittihad	21	2003	21	21	1,874	20.8	1	2	3	1	0	0	7	0	0.05	0.10	0.14	0.05	0.14	Matches
343	Majed Mohammed	sa KSA	DF,MF	Al-Fateh	23	2001	10	10	848	9.4	0	0	0	0	0	0	2	0	0.00	0.00	0.00	0.00	0.00	Matches
344	Tariq Mohammed	sa KSA	MF	Damac	29	1995	17	13	1,173	13.0	0	0	0	0	0	0	8	0	0.00	0.00	0.00	0.00	0.00	Matches
345	Elias Mokwana	za RSA	MF,FW	Al-Hazem	25	1999	24	16	1,372	15.2	1	2	3	1	0	0	6	0	0.07	0.13	0.20	0.07	0.20	Matches
346	Bader Monshi	sa KSA	MF	Al-Khaleej	26	1999	8	1	230	2.6	0	0	0	0	0	0	0	0	0.00	0.00	0.00	0.00	0.00	Matches
347	Anthony Moris	lu LUX	GK	Al-Khaleej	35	1990	33	33	2,970	33.0	0	2	2	0	0	0	4	0	0.00	0.06	0.06	0.00	0.06	Matches
348	Saad Al Mosa	sa KSA	DF	Al-Ittihad	22	2002	7	7	564	6.3	0	0	0	0	0	0	3	0	0.00	0.00	0.00	0.00	0.00	Matches
349	Orlando Mosquera	pa PAN	GK	Al-Fayha	30	1994	32	32	2,880	32.0	0	0	0	0	0	0	0	0	0.00	0.00	0.00	0.00	0.00	Matches
350	Muteb Al Mufarrij	sa KSA	DF	Al-Taawoun	28	1996	26	24	1,965	21.8	0	1	1	0	0	0	10	2	0.00	0.05	0.05	0.00	0.05	Matches
Rk	Player	Nation	Pos	Squad	Age	Born	MP	Starts	Min	90s	Gls	Ast	G+A	G-PK	PK	PKatt	CrdY	CrdR	Gls	Ast	G+A	G-PK	G+A-PK	Matches
351	Faisal Al Mutairi	sa KSA	MF	Al-Najma	29	1996	9	0	69	0.8	0	0	0	0	0	0	0	0	0.00	0.00	0.00	0.00	0.00	Matches
352	Saad Al Muthary	sa KSA	MF	Al-Hilal	18	2006	2	0	10	0.1	0	0	0	0	0	0	0	0	0.00	0.00	0.00	0.00	0.00	Matches
353	Eid Al Muwallad	sa KSA	MF	Al-Ahli	23	2001	17	0	178	2.0	0	0	0	0	0	0	4	0	0.00	0.00	0.00	0.00	0.00	Matches
354	Kévin N'Doram	fr FRA	MF	Al Kholood Saudi Club	29	1996	22	18	1,444	16.0	1	1	2	1	0	0	6	0	0.06	0.06	0.12	0.06	0.12	Matches
355	Abdulrahman Nabza		MF	Al-Ettifaq			2	0	24	0.3	0	0	0	0	0	0	0	0	0.00	0.00	0.00	0.00	0.00	Matches
356	Nacho	es ESP	DF	Al-Qadsiah	35	1990	34	34	3,047	33.9	0	0	0	0	0	0	3	0	0.00	0.00	0.00	0.00	0.00	Matches
357	Ammar Al-Najar	sa KSA	MF	Al-Najma	28	1997	3	0	41	0.5	0	0	0	0	0	0	1	0	0.00	0.00	0.00	0.00	0.00	Matches
358	Salem Al Najdi	sa KSA	DF	Al-Nassr	22	2003	12	0	72	0.8	0	1	1	0	0	0	1	0	0.00	1.25	1.25	0.00	1.25	Matches
359	Yahya Naji	sa KSA	FW,MF	Damac	26	1999	21	7	652	7.2	0	0	0	0	0	0	1	0	0.00	0.00	0.00	0.00	0.00	Matches
360	Raghid Najjar	sa KSA	GK	Al-Nassr	28	1996	2	2	180	2.0	0	0	0	0	0	0	0	0	0.00	0.00	0.00	0.00	0.00	Matches
361	Rakan Najjar	sa KSA	GK	Al Okhdood SC	30	1995	7	7	630	7.0	0	0	0	0	0	0	0	0	0.00	0.00	0.00	0.00	0.00	Matches
362	Abdulwahid Al Nakhli		MF	Al-Najma			1	0	1	0.0	0	0	0	0	0	0	0	0	0.00	0.00	0.00	0.00	0.00	Matches
363	Ahmed Al Nakhli	sa KSA	DF	Al-Hazem	23	2002	27	26	2,180	24.2	1	1	2	1	0	0	6	1	0.04	0.04	0.08	0.04	0.08	Matches
364	Nahitan Nández	uy URU	MF	Al-Qadsiah	29	1995	33	33	2,905	32.3	8	10	18	8	0	0	7	0	0.25	0.31	0.56	0.25	0.56	Matches
365	Khaled Narey	tg TOG	MF,FW	Al Okhdood SC	31	1994	22	20	1,723	19.1	4	3	7	4	0	1	1	0	0.21	0.16	0.37	0.21	0.37	Matches
366	Awad Al Nashri	sa KSA	MF	Al-Ittihad	23	2002	16	8	691	7.7	0	0	0	0	0	0	3	0	0.00	0.00	0.00	0.00	0.00	Matches
367	Bander Nasser	sa KSA	MF	Al-Khaleej	35	1990	9	1	223	2.5	0	1	1	0	0	0	0	0	0.00	0.40	0.40	0.00	0.40	Matches
368	Saad Al Nasser	sa KSA	DF	Al-Nassr	24	2001	17	7	639	7.1	0	0	0	0	0	0	2	0	0.00	0.00	0.00	0.00	0.00	Matches
369	Mohamed Nayef	sa KSA	MF	Al Okhdood SC	26	1998	14	1	236	2.6	0	0	0	0	0	0	1	0	0.00	0.00	0.00	0.00	0.00	Matches
370	Rúben Neves	pt POR	MF,DF	Al-Hilal	28	1997	31	31	2,748	30.5	12	6	18	4	8	9	4	0	0.39	0.20	0.59	0.13	0.33	Matches
371	Yvan Neyou	cm CMR	MF	Al Okhdood SC	28	1997	7	6	480	5.3	0	0	0	0	0	0	1	0	0.00	0.00	0.00	0.00	0.00	Matches
372	Tokmac Nguen	no NOR	MF	Al Okhdood SC	31	1993	13	9	693	7.7	1	0	1	1	0	0	3	1	0.13	0.00	0.13	0.13	0.13	Matches
373	Mohau Nkota	za RSA	MF,FW	Al-Ettifaq	20	2004	21	16	1,437	16.0	2	2	4	2	0	0	1	0	0.13	0.13	0.25	0.13	0.25	Matches
374	Abdulaziz Noor	sa KSA	MF	Neom	26	1999	11	5	428	4.8	0	0	0	0	0	0	2	0	0.00	0.00	0.00	0.00	0.00	Matches
375	Darwin Núñez	uy URU	FW,MF	Al-Hilal	26	1999	16	14	1,247	13.9	6	4	10	6	0	0	0	0	0.43	0.29	0.72	0.43	0.72	Matches
Rk	Player	Nation	Pos	Squad	Age	Born	MP	Starts	Min	90s	Gls	Ast	G+A	G-PK	PK	PKatt	CrdY	CrdR	Gls	Ast	G+A	G-PK	G+A-PK	Matches
376	Abdurahman Al-Obaid	sa KSA	DF	Damac	32	1993	26	23	2,018	22.4	0	5	5	0	0	0	2	0	0.00	0.22	0.22	0.00	0.22	Matches
377	Mahdi Al Obud	sa KSA	MF	Al-Fateh	19	2005	11	3	325	3.6	0	0	0	0	0	0	0	0	0.00	0.00	0.00	0.00	0.00	Matches
378	Jonathan Okita	cd COD	MF,FW	Damac	29	1995	13	9	783	8.7	2	1	3	2	0	0	0	0	0.23	0.11	0.34	0.23	0.34	Matches
379	Teddy Okou	fr FRA	MF,FW	Al-Riyadh SC	27	1998	32	29	2,427	27.0	1	8	9	1	0	0	7	0	0.04	0.30	0.33	0.04	0.33	Matches
380	Madallah Al-Olayan	sa KSA	DF,MF	Al-Ettifaq	30	1994	20	11	933	10.4	1	1	2	1	0	0	1	0	0.10	0.10	0.19	0.10	0.19	Matches
381	Radi Al Otaibi	sa KSA	DF,MF	Al-Ettifaq	25	2000	24	17	1,594	17.7	0	2	2	0	0	0	2	0	0.00	0.11	0.11	0.00	0.11	Matches
382	Otávio	pt POR	MF	Al-Qadsiah	30	1995	15	14	1,180	13.1	0	0	0	0	0	0	4	0	0.00	0.00	0.00	0.00	0.00	Matches
383	Abdulaziz Al Othman	sa KSA	FW	Al-Shabab	21	2004	10	2	321	3.6	1	0	1	1	0	0	3	1	0.28	0.00	0.28	0.28	0.28	Matches
384	Othman Al Othman	sa KSA	MF	Al-Fateh	22	2003	13	4	320	3.6	0	0	0	0	0	0	1	0	0.00	0.00	0.00	0.00	0.00	Matches
385	Youssouf Oumarou	ne NIG	MF	Al-Hazem	32	1993	10	6	599	6.7	1	0	1	1	0	0	1	0	0.15	0.00	0.15	0.15	0.15	Matches
386	Fernando Pacheco	es ESP	GK	Al-Fateh	33	1992	31	31	2,710	30.1	0	0	0	0	0	0	0	1	0.00	0.00	0.00	0.00	0.00	Matches
387	Juan Pedroza	co COL	MF	Al Okhdood SC	26	1999	30	29	2,445	27.2	3	2	5	3	0	0	10	1	0.11	0.07	0.18	0.11	0.18	Matches
388	Danilo Pereira	pt POR	DF	Al-Ittihad	33	1991	31	31	2,790	31.0	2	1	3	2	0	0	5	0	0.06	0.03	0.10	0.06	0.10	Matches
389	Marin Petkov	bg BUL	FW,MF	Al-Taawoun	21	2003	15	14	1,149	12.8	2	2	4	2	0	0	2	0	0.16	0.16	0.31	0.16	0.31	Matches
390	Petros	br BRA	MF	Al Okhdood SC	36	1989	16	16	1,392	15.5	0	0	0	0	0	0	4	0	0.00	0.00	0.00	0.00	0.00	Matches
391	Shaquille Pinas	sr SUR	DF	Al Kholood Saudi Club	27	1998	30	29	2,591	28.8	1	2	3	0	1	1	2	0	0.03	0.07	0.10	0.00	0.07	Matches
392	Samuel Portugal	br BRA	GK	Al Okhdood SC	31	1994	27	27	2,430	27.0	0	0	0	0	0	0	0	0	0.00	0.00	0.00	0.00	0.00	Matches
393	Marin Prekodravac	hr CRO	DF	Al-Najma	20	2005	1	0	35	0.4	0	0	0	0	0	0	0	0	0.00	0.00	0.00	0.00	0.00	Matches
394	Abdullah Al Qahtani	sa KSA	MF,FW	Damac	26	1999	26	17	1,484	16.5	2	1	3	2	0	0	1	0	0.12	0.06	0.18	0.12	0.18	Matches
395	Husain Al Qahtani	sa KSA	MF	Al-Qadsiah	30	1994	4	0	60	0.7	0	0	0	0	0	0	0	0	0.00	0.00	0.00	0.00	0.00	Matches
396	Kheshim Al Qahtani	sa KSA	FW	Al-Taawoun	25	2000	3	0	27	0.3	0	0	0	0	0	0	0	0	0.00	0.00	0.00	0.00	0.00	Matches
397	Mohammed Al Qahtani	sa KSA	MF,FW	Al-Taawoun	23	2002	13	2	365	4.1	1	0	1	1	0	0	1	0	0.25	0.00	0.25	0.25	0.25	Matches
398	Mohammed Al Qahtani	sa KSA	FW	Al-Hilal	23	2002	3	0	25	0.3	0	0	0	0	0	0	0	0	0.00	0.00	0.00	0.00	0.00	Matches
399	Mohammed Al Qahtani		DF	Al Okhdood SC			1	0	45	0.5	0	0	0	0	0	0	0	0	0.00	0.00	0.00	0.00	0.00	Matches
400	Muhannad Al Qaidhi	sa KSA	DF	Al Okhdood SC	27	1998	18	7	802	8.9	0	0	0	0	0	0	1	0	0.00	0.00	0.00	0.00	0.00	Matches
Rk	Player	Nation	Pos	Squad	Age	Born	MP	Starts	Min	90s	Gls	Ast	G+A	G-PK	PK	PKatt	CrdY	CrdR	Gls	Ast	G+A	G-PK	G+A-PK	Matches
401	Hussain Qassem	sa KSA	MF	Al-Fateh	27	1997	7	4	285	3.2	0	0	0	0	0	0	0	0	0.00	0.00	0.00	0.00	0.00	Matches
402	Julián Quiñones	mx MEX	FW	Al-Qadsiah	28	1997	31	31	2,717	30.2	33	4	37	31	2	2	4	0	1.09	0.13	1.23	1.03	1.16	Matches
403	Romell Quioto	hn HON	FW	Al-Najma	33	1991	9	7	565	6.3	0	0	0	0	0	0	0	0	0.00	0.00	0.00	0.00	0.00	Matches
404	Hassan Rabea	sa KSA	DF	Damac	22	2003	17	11	880	9.8	0	0	0	0	0	0	4	0	0.00	0.00	0.00	0.00	0.00	Matches
405	Abdullah Radif	sa KSA	FW	Al-Hilal	22	2003	1	0	1	0.0	0	0	0	0	0	0	0	0	0.00	0.00	0.00	0.00	0.00	Matches
406	Abdullah Radif	sa KSA	FW	Al-Fayha	22	2003	8	5	430	4.8	0	2	2	0	0	0	0	0	0.00	0.42	0.42	0.00	0.42	Matches
407	Saif Rajab	sa KSA	FW	Al-Taawoun	20	2004	7	0	55	0.6	0	0	0	0	0	0	0	0	0.00	0.00	0.00	0.00	0.00	Matches
408	Saif Rajab	sa KSA	FW	Al-Qadsiah	20	2004	3	0	49	0.5	0	1	1	0	0	0	0	0	0.00	1.84	1.84	0.00	1.84	Matches
409	Mobarak Al Rajeh	sa KSA	DF	Al-Shabab	21	2003	9	8	724	8.0	0	0	0	0	0	0	1	0	0.00	0.00	0.00	0.00	0.00	Matches
410	Predrag Rajković	rs SRB	GK	Al-Ittihad	29	1995	30	30	2,661	29.6	0	0	0	0	0	0	0	2	0.00	0.00	0.00	0.00	0.00	Matches
411	Luca Ramirez		FW	Al-Riyadh SC			4	1	91	1.0	0	0	0	0	0	0	0	0	0.00	0.00	0.00	0.00	0.00	Matches
412	Khaled Al Rammah	sa KSA	DF	Al-Fayha	20	2005	9	2	278	3.1	0	0	0	0	0	0	4	1	0.00	0.00	0.00	0.00	0.00	Matches
413	Jefferson Ramos		FW	Al-Fateh	20	2005	6	1	127	1.4	1	0	1	1	0	0	1	0	0.71	0.00	0.71	0.71	0.71	Matches
414	Saud Al Rashed	sa KSA	DF	Al-Hazem	27	1998	23	19	1,644	18.3	0	4	4	0	0	0	11	1	0.00	0.22	0.22	0.00	0.22	Matches
415	Fahad Al Rashidi	sa KSA	FW,MF	Al-Ahli	28	1997	3	0	12	0.1	0	0	0	0	0	0	1	0	0.00	0.00	0.00	0.00	0.00	Matches
416	Fahad Al Rashidi	sa KSA	FW,MF	Al-Taawoun	28	1997	11	0	102	1.1	0	0	0	0	0	0	1	0	0.00	0.00	0.00	0.00	0.00	Matches
417	Noor Al Rashidi	sa KSA	DF	Damac	30	1995	2	0	26	0.3	0	0	0	0	0	0	0	0	0.00	0.00	0.00	0.00	0.00	Matches
418	Pedro Rebocho	pt POR	DF	Al-Khaleej	30	1995	33	33	2,862	31.8	0	7	7	0	0	0	4	0	0.00	0.22	0.22	0.00	0.22	Matches
419	Mohamed Refaat		FW	Al-Fateh			4	1	54	0.6	0	0	0	0	0	0	1	0	0.00	0.00	0.00	0.00	0.00	Matches
420	Mateo Retegui	it ITA	FW	Al-Qadsiah	26	1999	28	27	2,337	26.0	16	1	17	12	4	4	6	0	0.62	0.04	0.65	0.46	0.50	Matches
421	Renne Rivas	ve VEN	DF	Al-Taawoun	22	2003	1	1	90	1.0	0	0	0	0	0	0	0	0	0.00	0.00	0.00	0.00	0.00	Matches
422	Marek Rodák	sk SVK	GK	Al-Ettifaq	28	1996	34	34	3,060	34.0	0	0	0	0	0	0	3	0	0.00	0.00	0.00	0.00	0.00	Matches
423	Gonçalo Rodrigues	pt POR	MF	Al-Najma	28	1997	14	10	991	11.0	0	0	0	0	0	0	1	1	0.00	0.00	0.00	0.00	0.00	Matches
424	Luciano Rodríguez	uy URU	FW,MF	Neom	22	2003	30	28	2,324	25.8	6	1	7	6	0	0	0	1	0.23	0.04	0.27	0.23	0.27	Matches
425	Cristiano Ronaldo	pt POR	FW	Al-Nassr	40	1985	30	30	2,601	28.9	28	2	30	22	6	8	2	0	0.97	0.07	1.04	0.76	0.83	Matches
Rk	Player	Nation	Pos	Squad	Age	Born	MP	Starts	Min	90s	Gls	Ast	G+A	G-PK	PK	PKatt	CrdY	CrdR	Gls	Ast	G+A	G-PK	G+A-PK	Matches
426	Loreintz Rosier	fr FRA	MF	Al-Hazem	26	1998	31	30	2,673	29.7	1	1	2	1	0	0	4	0	0.03	0.03	0.07	0.03	0.07	Matches
427	Saeed Al Rubaie	sa KSA	DF	Al Okhdood SC	31	1994	19	19	1,570	17.4	4	1	5	4	0	0	8	0	0.23	0.06	0.29	0.23	0.29	Matches
428	Sattam Al Ruqi	sa KSA	MF	Al-Fayha	23	2002	1	0	10	0.1	0	0	0	0	0	0	0	0	0.00	0.00	0.00	0.00	0.00	Matches
429	Muhanad Al Saad	sa KSA	MF	Neom	22	2003	8	2	281	3.1	1	0	1	1	0	0	0	0	0.32	0.00	0.32	0.32	0.32	Matches
430	Marwane Saâdane	ma MAR	DF,MF	Al-Fateh	33	1992	29	28	2,494	27.7	0	1	1	0	0	0	8	0	0.00	0.04	0.04	0.00	0.04	Matches
431	Nawaf Al Saadi	sa KSA	MF	Al-Shabab	23	2001	8	1	187	2.1	0	0	0	0	0	0	0	0	0.00	0.00	0.00	0.00	0.00	Matches
432	Nawaf Al Saadi	sa KSA	MF	Damac	23	2001	10	0	155	1.7	0	0	0	0	0	0	1	0	0.00	0.00	0.00	0.00	0.00	Matches
433	Mohamed Al Saedi		MF	Al-Hazem			1	0	45	0.5	0	0	0	0	0	0	0	0	0.00	0.00	0.00	0.00	0.00	Matches
434	Mohammed Al-Saeed	sa KSA	DF	Al-Riyadh SC	28	1996	2	2	123	1.4	0	0	0	0	0	0	0	0	0.00	0.00	0.00	0.00	0.00	Matches
435	Abdulrahman Al Safari	sa KSA	DF,MF	Al Kholood Saudi Club	32	1993	18	9	888	9.9	0	0	0	0	0	0	4	0	0.00	0.00	0.00	0.00	0.00	Matches
436	Ziyad Al-Sahafi	sa KSA	DF	Al-Fayha	30	1994	9	3	261	2.9	0	0	0	0	0	0	0	0	0.00	0.00	0.00	0.00	0.00	Matches
437	Mohammed Al Sahihi		MF	Al-Fateh			10	1	131	1.5	0	0	0	0	0	0	2	0	0.00	0.00	0.00	0.00	0.00	Matches
438	Fashion Sakala	zm ZAM	MF,FW	Al-Fayha	28	1997	29	29	2,539	28.2	13	5	18	12	1	1	2	0	0.46	0.18	0.64	0.43	0.60	Matches
439	Makhir Saleh	sa KSA	DF	Al-Fayha	26	1999	13	7	620	6.9	1	0	1	1	0	0	3	0	0.15	0.00	0.15	0.15	0.15	Matches
440	Mohammed Saleh	sa KSA	MF	Al-Taawoun	25	2000	7	1	114	1.3	0	0	0	0	0	0	0	0	0.00	0.00	0.00	0.00	0.00	Matches
441	Mohammed Saleh	sa KSA	FW	Al-Najma	25	2000	5	2	162	1.8	1	0	1	1	0	0	0	1	0.56	0.00	0.56	0.56	0.56	Matches
442	Abdulla Al Salem	sa KSA	FW	Al-Qadsiah	32	1992	22	6	625	6.9	4	0	4	4	0	0	0	0	0.58	0.00	0.58	0.58	0.58	Matches
443	Ali Ayesh Al-Salem	sa KSA	DF	Al-Khaleej	26	1998	5	0	130	1.4	0	1	1	0	0	0	0	0	0.00	0.69	0.69	0.00	0.69	Matches
444	Ali Ayesh Al-Salem	sa KSA	DF	Al Okhdood SC	26	1998	18	16	1,401	15.6	0	1	1	0	0	0	3	0	0.00	0.06	0.06	0.00	0.06	Matches
445	Jalal Al Salem		FW	Al-Ettifaq			11	0	148	1.6	0	0	0	0	0	0	0	0	0.00	0.00	0.00	0.00	0.00	Matches
446	Saud Salem	sa KSA	MF	Al Okhdood SC	19	2005	5	1	127	1.4	0	0	0	0	0	0	0	0	0.00	0.00	0.00	0.00	0.00	Matches
447	Enes Sali	ro ROU	MF,FW	Al-Riyadh SC	19	2006	13	8	582	6.5	0	1	1	0	0	0	2	0	0.00	0.15	0.15	0.00	0.15	Matches
448	Mohammad Al Salkhadi	sy SYR	MF	Damac	24	2001	8	3	289	3.2	0	1	1	0	0	0	1	0	0.00	0.31	0.31	0.00	0.31	Matches
449	Awn Al Saluli	sa KSA	DF	Neom	26	1998	10	2	254	2.8	0	0	0	0	0	0	0	0	0.00	0.00	0.00	0.00	0.00	Matches
450	Abdulrahman Al Sanbi	sa KSA	GK	Al-Ahli	24	2001	8	8	720	8.0	0	0	0	0	0	0	3	0	0.00	0.00	0.00	0.00	0.00	Matches
Rk	Player	Nation	Pos	Squad	Age	Born	MP	Starts	Min	90s	Gls	Ast	G+A	G-PK	PK	PKatt	CrdY	CrdR	Gls	Ast	G+A	G-PK	G+A-PK	Matches
451	Samir Santos	br BRA	DF	Al-Najma	30	1994	30	30	2,624	29.2	3	1	4	3	0	0	3	1	0.10	0.03	0.14	0.10	0.14	Matches
452	Mohammed Al Sarnoukh		DF	Al-Fateh			10	1	246	2.7	0	0	0	0	0	0	0	0	0.00	0.00	0.00	0.00	0.00	Matches
453	Ramzi Sawlan	sa KSA	DF	Al Kholood Saudi Club	27	1998	19	16	1,228	13.6	0	0	0	0	0	0	3	0	0.00	0.00	0.00	0.00	0.00	Matches
454	Amir Sayoud	dz ALG	MF,FW	Al-Hazem	34	1990	19	10	1,080	12.0	3	3	6	2	1	2	3	0	0.25	0.25	0.50	0.17	0.42	Matches
455	Basil Al Sayyali	sa KSA	MF	Al-Shabab	24	2001	13	5	460	5.1	0	1	1	0	0	0	0	0	0.00	0.20	0.20	0.00	0.20	Matches
456	Basil Al Sayyali	sa KSA	MF	Al-Hazem	24	2001	14	13	1,072	11.9	0	1	1	0	0	0	1	0	0.00	0.08	0.08	0.00	0.08	Matches
457	Amine Sbai	ma MAR	MF	Al-Fateh	24	2000	1	1	20	0.2	0	0	0	0	0	0	0	1	0.00	0.00	0.00	0.00	0.00	Matches
458	Bart Schenkeveld	nl NED	DF	Al-Khaleej	33	1991	20	18	1,471	16.3	0	2	2	0	0	0	5	0	0.00	0.12	0.12	0.00	0.12	Matches
459	Saikou Secka		FW	Al-Fayha			1	0	1	0.0	0	0	0	0	0	0	0	0	0.00	0.00	0.00	0.00	0.00	Matches
460	Moustapha Sembene		DF	Al-Taawoun			4	2	181	2.0	0	0	0	0	0	0	2	0	0.00	0.00	0.00	0.00	0.00	Matches
461	Alfa Semedo	gw GNB	MF	Al-Fayha	27	1997	31	30	2,623	29.1	4	2	6	4	0	0	6	1	0.14	0.07	0.21	0.14	0.21	Matches
462	Sergi	es ESP	DF,MF	Al-Riyadh SC	33	1992	19	16	1,499	16.7	1	0	1	1	0	0	1	0	0.06	0.00	0.06	0.06	0.06	Matches
463	Ali Al Shaafi		DF	Al-Khaleej			1	0	1	0.0	0	0	0	0	0	0	0	0	0.00	0.00	0.00	0.00	0.00	Matches
464	Yasser Al-Shahrani	sa KSA	DF	Al-Qadsiah	33	1992	26	14	1,129	12.5	0	0	0	0	0	0	2	0	0.00	0.00	0.00	0.00	0.00	Matches
465	Abdulelah Al Shamary	sa KSA	MF	Al-Najma	33	1992	21	12	1,108	12.3	0	0	0	0	0	0	4	0	0.00	0.00	0.00	0.00	0.00	Matches
466	Mohammed Al Shammari	sa KSA	GK	Al Kholood Saudi Club	33	1991	2	2	180	2.0	0	0	0	0	0	0	0	0	0.00	0.00	0.00	0.00	0.00	Matches
467	Yasser Al Shammari		MF	Al-Ettifaq			1	0	1	0.0	0	0	0	0	0	0	0	0	0.00	0.00	0.00	0.00	0.00	Matches
468	Yousef Al Shammari	sa KSA	FW	Al-Hazem	27	1997	22	11	1,047	11.6	5	0	5	3	2	2	4	0	0.43	0.00	0.43	0.26	0.26	Matches
469	Ahmed Al Shamrani	sa KSA	DF,MF	Al-Hazem	23	2002	23	12	1,135	12.6	0	0	0	0	0	0	3	0	0.00	0.00	0.00	0.00	0.00	Matches
470	Abdullah Al Shanqiti	sa KSA	DF	Al-Hazem	26	1998	22	11	1,230	13.7	1	0	1	1	0	0	3	0	0.07	0.00	0.07	0.07	0.07	Matches
471	Hamed Al Shanqiti	sa KSA	GK	Al-Ittihad	20	2005	1	1	90	1.0	0	0	0	0	0	0	0	0	0.00	0.00	0.00	0.00	0.00	Matches
472	Ahmed Sharahili	sa KSA	DF	Al-Ittihad	31	1994	17	13	995	11.1	0	0	0	0	0	0	3	0	0.00	0.00	0.00	0.00	0.00	Matches
473	Riyadh Sharahili	sa KSA	MF	Damac	32	1993	22	19	1,460	16.2	0	2	2	0	0	0	1	0	0.00	0.12	0.12	0.00	0.12	Matches
474	Nader Al-Sharari	sa KSA	DF	Al-Nassr	29	1996	9	0	45	0.5	0	0	0	0	0	0	0	0	0.00	0.00	0.00	0.00	0.00	Matches
475	Majed Sharrahi		MF	Al-Najma			1	0	4	0.0	0	0	0	0	0	0	0	0	0.00	0.00	0.00	0.00	0.00	Matches
Rk	Player	Nation	Pos	Squad	Age	Born	MP	Starts	Min	90s	Gls	Ast	G+A	G-PK	PK	PKatt	CrdY	CrdR	Gls	Ast	G+A	G-PK	G+A-PK	Matches
476	Saleh Al-Shehri	sa KSA	FW	Al-Ittihad	31	1993	18	4	430	4.8	3	2	5	2	1	1	1	0	0.63	0.42	1.05	0.42	0.84	Matches
477	Sultan Al Shehri	sa KSA	DF	Al Kholood Saudi Club	30	1995	29	21	1,750	19.4	0	0	0	0	0	0	2	0	0.00	0.00	0.00	0.00	0.00	Matches
478	Yahya Al-Shehri	sa KSA	MF	Al-Riyadh SC	35	1990	15	4	501	5.6	0	2	2	0	0	0	0	0	0.00	0.36	0.36	0.00	0.36	Matches
479	Muhannad Shenqeeti	sa KSA	DF,MF	Al-Ittihad	26	1999	30	27	2,258	25.1	3	7	10	3	0	0	2	0	0.12	0.28	0.40	0.12	0.40	Matches
480	Ibrahim Al-Shoeil	sa KSA	DF	Al-Taawoun	30	1994	1	0	11	0.1	0	0	0	0	0	0	1	0	0.00	0.00	0.00	0.00	0.00	Matches
481	Talal Al Shubili		MF	Al-Riyadh SC			5	0	60	0.7	0	0	0	0	0	0	0	0	0.00	0.00	0.00	0.00	0.00	Matches
482	Saad Al Shurafa	sa KSA	FW	Al-Fateh	20	2004	14	0	133	1.5	0	0	0	0	0	0	1	0	0.00	0.00	0.00	0.00	0.00	Matches
483	Mohammed Al Shwirekh	sa KSA	DF	Al-Shabab	26	1998	21	18	1,453	16.1	0	1	1	0	0	0	6	2	0.00	0.06	0.06	0.00	0.06	Matches
484	Hussain Al Sibyani	sa KSA	DF,MF	Al-Shabab	24	2001	13	6	492	5.5	0	0	0	0	0	0	4	0	0.00	0.00	0.00	0.00	0.00	Matches
485	Meshal Sibyani	sa KSA	DF	Al-Ettifaq	24	2001	7	0	109	1.2	0	0	0	0	0	0	1	0	0.00	0.00	0.00	0.00	0.00	Matches
486	Eyad Sidi Mohamed	sa KSA	MF	Al-Qadsiah	18	2006	3	0	23	0.3	1	0	1	1	0	0	0	0	3.91	0.00	3.91	3.91	3.91	Matches
487	Vincent Sierro	ch SUI	MF	Al-Shabab	29	1995	26	24	2,052	22.8	0	0	0	0	0	0	5	1	0.00	0.00	0.00	0.00	0.00	Matches
488	Mohamed Simakan	fr FRA	DF	Al-Nassr	25	2000	28	28	2,493	27.7	3	0	3	3	0	0	3	0	0.11	0.00	0.11	0.11	0.11	Matches
489	Jan-Carlo Simic	rs SRB	DF	Al-Ittihad	20	2005	8	7	669	7.4	0	0	0	0	0	0	0	0	0.00	0.00	0.00	0.00	0.00	Matches
490	Ahmed Al Siyahi		MF,DF	Al-Riyadh SC			19	18	1,459	16.2	0	0	0	0	0	0	2	0	0.00	0.00	0.00	0.00	0.00	Matches
491	Chris Smalling	eng ENG	DF	Al-Fayha	35	1989	34	33	2,992	33.2	3	1	4	3	0	0	1	0	0.09	0.03	0.12	0.09	0.12	Matches
492	Omar Al Somah	sy SYR	FW	Al-Hazem	36	1989	24	18	1,651	18.3	7	0	7	5	2	4	1	0	0.38	0.00	0.38	0.27	0.27	Matches
493	Mohammed Somaili	sa KSA	MF,FW	Al Kholood Saudi Club	24	2000	33	19	1,894	21.0	2	2	4	2	0	0	4	0	0.10	0.10	0.19	0.10	0.19	Matches
494	Ismaila Soro	ci CIV	MF	Al-Riyadh SC	27	1998	17	16	1,209	13.4	0	2	2	0	0	0	2	0	0.00	0.15	0.15	0.00	0.15	Matches
495	Fawaz Al-Sqoor	sa KSA	DF	Al-Ittihad	29	1996	1	0	14	0.2	0	0	0	0	0	0	0	0	0.00	0.00	0.00	0.00	0.00	Matches
496	Fawaz Al-Sqoor	sa KSA	DF	Al-Shabab	29	1996	5	2	226	2.5	0	0	0	0	0	0	0	0	0.00	0.00	0.00	0.00	0.00	Matches
497	Khalid Al Subaie	sa KSA	DF,MF	Al-Najma	25	1999	13	7	694	7.7	0	0	0	0	0	0	0	0	0.00	0.00	0.00	0.00	0.00	Matches
498	Khalid Al Subaie	sa KSA	MF	Al-Hazem	25	1999	2	0	38	0.4	0	0	0	0	0	0	0	0	0.00	0.00	0.00	0.00	0.00	Matches
499	Faisal Al Subhi		MF	Al-Riyadh SC			3	0	124	1.4	0	0	0	0	0	0	1	0	0.00	0.00	0.00	0.00	0.00	Matches
500	Faisal Al Subiani	sa KSA	MF	Al-Shabab	22	2003	15	5	486	5.4	0	0	0	0	0	0	4	1	0.00	0.00	0.00	0.00	0.00	Matches
Rk	Player	Nation	Pos	Squad	Age	Born	MP	Starts	Min	90s	Gls	Ast	G+A	G-PK	PK	PKatt	CrdY	CrdR	Gls	Ast	G+A	G-PK	G+A-PK	Matches
501	Mohammed Suhluli	sa KSA	MF,FW	Al-Riyadh SC	20	2004	10	6	488	5.4	0	0	0	0	0	0	2	0	0.00	0.00	0.00	0.00	0.00	Matches
502	Mohammed Sulaiman	sa KSA	DF	Al-Ahli	21	2004	20	8	859	9.5	0	0	0	0	0	0	1	0	0.00	0.00	0.00	0.00	0.00	Matches
503	Hussain Al Sultan		MF	Al-Khaleej			7	2	157	1.7	1	0	1	1	0	0	0	0	0.57	0.00	0.57	0.57	0.57	Matches
504	Khaled Al-Sumairi	sa KSA	MF	Damac	28	1997	22	3	371	4.1	0	0	0	0	0	0	3	0	0.00	0.00	0.00	0.00	0.00	Matches
505	Abdulaziz Al Suwailm		DF	Al-Fateh			17	14	1,180	13.1	0	0	0	0	0	0	6	0	0.00	0.00	0.00	0.00	0.00	Matches
506	Mamadou Sylla	sn SEN	FW	Al-Riyadh SC	31	1994	30	21	2,056	22.8	10	1	11	10	0	1	3	0	0.44	0.04	0.48	0.44	0.48	Matches
507	Morlaye Sylla	gn GUI	MF	Damac	27	1998	32	32	2,853	31.7	2	1	3	1	1	1	6	0	0.06	0.03	0.09	0.03	0.06	Matches
508	Hassan Al Tambakti	sa KSA	DF	Al-Hilal	26	1999	29	28	2,338	26.0	1	0	1	1	0	0	5	0	0.04	0.00	0.04	0.04	0.04	Matches
509	Marzouq Tambakti	sa KSA	DF	Al-Riyadh SC	22	2003	14	13	1,127	12.5	0	0	0	0	0	0	4	1	0.00	0.00	0.00	0.00	0.00	Matches
510	Sultan Tanker	sa KSA	DF	Al-Hazem	26	1998	28	27	2,396	26.6	0	0	0	0	0	0	6	0	0.00	0.00	0.00	0.00	0.00	Matches
511	Mohammed Al-Thain	sa KSA	DF	Al-Shabab	28	1997	19	19	1,597	17.7	0	0	0	0	0	0	1	0	0.00	0.00	0.00	0.00	0.00	Matches
512	Mohammed Al-Thain	sa KSA	DF,MF	Al-Qadsiah	28	1997	7	0	75	0.8	0	0	0	0	0	0	0	0	0.00	0.00	0.00	0.00	0.00	Matches
513	Jehad Thakri	sa KSA	DF	Al-Qadsiah	24	2001	24	16	1,516	16.8	0	0	0	0	0	0	5	0	0.00	0.00	0.00	0.00	0.00	Matches
514	David Tijanić	si SVN	MF	Al-Najma	28	1997	24	20	1,828	20.3	2	3	5	2	0	0	0	0	0.10	0.15	0.25	0.10	0.25	Matches
515	Karl Toko Ekambi	cm CMR	FW,MF	Al-Fateh	32	1992	7	5	451	5.0	0	0	0	0	0	0	1	0	0.00	0.00	0.00	0.00	0.00	Matches
516	Ivan Toney	eng ENG	FW	Al-Ahli	29	1996	32	31	2,745	30.5	32	7	39	22	10	11	4	0	1.05	0.23	1.28	0.72	0.95	Matches
517	Tozé	pt POR	MF	Al-Riyadh SC	32	1993	33	33	2,924	32.5	9	5	14	6	3	4	2	1	0.28	0.15	0.43	0.18	0.34	Matches
518	William Troost-Ekong	ng NGA	DF	Al Kholood Saudi Club	31	1993	13	13	1,087	12.1	0	0	0	0	0	0	0	1	0.00	0.00	0.00	0.00	0.00	Matches
519	Hamad Al Tuhayfan	sa KSA	DF,MF	Al-Hilal	26	1999	22	15	1,104	12.3	0	1	1	0	0	0	2	0	0.00	0.08	0.08	0.00	0.08	Matches
520	Rakan Al Tulayhi	sa KSA	MF	Al-Najma	22	2002	32	17	1,518	16.9	4	4	8	4	0	0	6	0	0.24	0.24	0.47	0.24	0.47	Matches
521	Sattam Al Tumbukti	sa KSA	MF,DF	Al-Fateh	23	2001	12	2	277	3.1	0	0	0	0	0	0	2	0	0.00	0.00	0.00	0.00	0.00	Matches
522	Saud Al Tumbukti	sa KSA	MF	Al-Riyadh SC	20	2005	3	1	98	1.1	0	0	0	0	0	0	0	0	0.00	0.00	0.00	0.00	0.00	Matches
523	Abdullah Turki		MF	Al-Khaleej			2	0	16	0.2	0	0	0	0	0	0	0	0	0.00	0.00	0.00	0.00	0.00	Matches
524	Edgaras Utkus	lt LTU	DF	Al Kholood Saudi Club	25	2000	16	16	1,417	15.7	1	0	1	1	0	0	1	0	0.06	0.00	0.06	0.06	0.06	Matches
525	Valentín Vada	ar ARG	MF,FW	Damac	29	1996	33	33	2,917	32.4	11	6	17	9	2	2	4	0	0.34	0.19	0.52	0.28	0.46	Matches
Rk	Player	Nation	Pos	Squad	Age	Born	MP	Starts	Min	90s	Gls	Ast	G+A	G-PK	PK	PKatt	CrdY	CrdR	Gls	Ast	G+A	G-PK	G+A-PK	Matches
526	Bruno Varela	cv CPV	GK	Al-Hazem	30	1994	20	20	1,742	19.4	0	0	0	0	0	0	2	0	0.00	0.00	0.00	0.00	0.00	Matches
527	Matías Vargas	ar ARG	FW,MF	Al-Fateh	28	1997	29	27	2,400	26.7	8	4	12	8	0	0	4	0	0.30	0.15	0.45	0.30	0.45	Matches
528	Vitor Vargas	br BRA	DF,MF	Al-Najma	21	2004	21	20	1,680	18.7	0	0	0	0	0	0	1	0	0.00	0.00	0.00	0.00	0.00	Matches
529	Miguel Vianna	es ESP	DF	Al-Qadsiah	20	2005	1	0	14	0.2	0	0	0	0	0	0	0	0	0.00	0.00	0.00	0.00	0.00	Matches
530	Miguel Vianna	es ESP	MF	Al-Hazem	20	2005	17	5	515	5.7	0	1	1	0	0	0	0	0	0.00	0.17	0.17	0.00	0.17	Matches
531	Mikel Villanueva	ve VEN	DF	Al-Fayha	32	1993	30	28	2,516	28.0	1	0	1	1	0	0	3	0	0.04	0.00	0.04	0.04	0.04	Matches
532	Stylianos Vrontis	cy CYP	MF	Al-Fayha	20	2004	8	3	352	3.9	0	0	0	0	0	0	1	0	0.00	0.00	0.00	0.00	0.00	Matches
533	Mohammed Waheeb	sa KSA	MF,DF	Al-Qadsiah	22	2002	31	29	2,485	27.6	3	8	11	3	0	0	3	1	0.11	0.29	0.40	0.11	0.40	Matches
534	Saleh Waheeb	sa KSA	MF,FW	Al-Ahli	22	2002	28	7	775	8.6	1	3	4	1	0	0	5	0	0.12	0.35	0.46	0.12	0.46	Matches
535	Mohammed Waleed	sa KSA	DF	Al-Taawoun	24	2001	24	18	1,709	19.0	2	0	2	2	0	0	3	0	0.11	0.00	0.11	0.11	0.11	Matches
536	Mohammed Waleed	sa KSA	DF	Neom	24	2001	1	1	90	1.0	0	0	0	0	0	0	0	0	0.00	0.00	0.00	0.00	0.00	Matches
537	Julian Weigl	de GER	MF	Al-Qadsiah	29	1995	25	25	2,241	24.9	1	3	4	1	0	0	6	0	0.04	0.12	0.16	0.04	0.16	Matches
538	Wesley	br BRA	MF	Al-Nassr	20	2005	9	5	383	4.3	1	2	3	1	0	0	1	0	0.23	0.47	0.70	0.23	0.70	Matches
539	Georginio Wijnaldum	nl NED	MF,FW	Al-Ettifaq	34	1990	33	32	2,899	32.2	16	6	22	13	3	3	1	0	0.50	0.19	0.68	0.40	0.59	Matches
540	Ayman Yahya	sa KSA	DF,MF	Al-Nassr	24	2001	27	14	1,247	13.9	2	2	4	2	0	0	7	0	0.14	0.14	0.29	0.14	0.29	Matches
541	Mohammed Al Yami	sa KSA	GK	Al-Hilal	27	1997	8	8	720	8.0	0	0	0	0	0	0	0	0	0.00	0.00	0.00	0.00	0.00	Matches
542	Jawad El Yamiq	ma MAR	DF	Al-Najma	33	1992	6	6	525	5.8	0	0	0	0	0	0	1	1	0.00	0.00	0.00	0.00	0.00	Matches
543	Saad Yaslam	sa KSA	DF	Al-Shabab	25	2000	32	30	2,701	30.0	1	4	5	1	0	0	4	0	0.03	0.13	0.17	0.03	0.17	Matches
544	Saad Yaslam	sa KSA	DF	Al-Ahli	25	2000	1	1	83	0.9	0	0	0	0	0	0	0	0	0.00	0.00	0.00	0.00	0.00	Matches
545	Ali Al Youssef		DF	Al-Fateh			1	0	4	0.0	0	0	0	0	0	0	0	0	0.00	0.00	0.00	0.00	0.00	Matches
546	Zaydou Youssouf	km COM	MF	Al-Fateh	26	1999	32	30	2,733	30.4	2	2	4	2	0	0	3	0	0.07	0.07	0.13	0.07	0.13	Matches
547	Amar Al Yuhaybi	sa KSA	FW	Al-Qadsiah	19	2006	1	0	2	0.0	0	0	0	0	0	0	0	0	0.00	0.00	0.00	0.00	0.00	Matches
548	Hussian Al Zabdani	sa KSA	DF	Al Okhdood SC	30	1995	12	9	711	7.9	0	0	0	0	0	0	1	1	0.00	0.00	0.00	0.00	0.00	Matches
549	Mohammed Zaid	sa KSA	MF	Al-Hilal	21	2004	1	0	3	0.0	0	0	0	0	0	0	0	0	0.00	0.00	0.00	0.00	0.00	Matches
550	Suhayb Al Zaid	sa KSA	MF	Al-Hilal	20	2004	1	0	9	0.1	0	0	0	0	0	0	0	0	0.00	0.00	0.00	0.00	0.00	Matches
Rk	Player	Nation	Pos	Squad	Age	Born	MP	Starts	Min	90s	Gls	Ast	G+A	G-PK	PK	PKatt	CrdY	CrdR	Gls	Ast	G+A	G-PK	G+A-PK	Matches
551	Ibrahim Zaied	sa KSA	GK	Al-Hazem	35	1990	12	11	1,003	11.1	0	0	0	0	0	0	0	0	0.00	0.00	0.00	0.00	0.00	Matches
552	Cristhoper Zambrano	ec ECU	FW,MF	Al-Taawoun	21	2004	13	7	604	6.7	2	1	3	2	0	0	0	0	0.30	0.15	0.45	0.30	0.45	Matches
553	Nathan Zeze	fr FRA	DF	Neom	20	2005	31	31	2,790	31.0	2	1	3	2	0	0	9	0	0.06	0.03	0.10	0.06	0.10	Matches
554	Yaseen Al Zubaidi	sa KSA	FW	Al-Ahli	22	2003	1	0	1	0.0	0	0	0	0	0	0	0	0	0.00	0.00	0.00	0.00	0.00	Matches
555	Fahad Al Zubidi	sa KSA	FW,MF	Al-Fateh	23	2002	31	14	1,568	17.4	3	3	6	3	0	0	6	0	0.17	0.17	0.34	0.17	0.34	Matches
